"text","favorited","favoriteCount","replyToSN","created","truncated","replyToSID","id","replyToUID","statusSource","screenName","retweetCount","isRetweet","retweeted","longitude","latitude"
"I urge people of Manipur to uproot the corrupt Congress government so that the state can walk on the path of progress and development.",FALSE,712,"AmitShah",2017-03-01 14:30:57,FALSE,"836946619308322817","836946866612883456","1447949844","<a href=""http://twitter.com/download/android"" rel=""nofollow"">Twitter for Android</a>","AmitShah",201,FALSE,FALSE,NA,NA
"Wherever Congress has ruled, it has become synonymous with corruption. Right from Kashmir to Kanyakumari, states ha<U+2026> https://t.co/moF49MCSMG",FALSE,1301,NA,2017-03-01 14:29:58,TRUE,NA,"836946619308322817",NA,"<a href=""http://twitter.com/download/android"" rel=""nofollow"">Twitter for Android</a>","AmitShah",326,FALSE,FALSE,NA,NA
"Addressed a public meeting in<U+00A0>Ukhrul (Manipur). https://t.co/eDSUf0Xz1e",FALSE,1792,NA,2017-03-01 09:07:33,FALSE,NA,"836865481575399425",NA,"<a href=""http://twitter.com/download/android"" rel=""nofollow"">Twitter for Android</a>","AmitShah",394,FALSE,FALSE,NA,NA
"Tarak Mehta ji will always be remembered for his rich contribution to society and the laughter he gave to millions. Om Shanti Shanti Shanti.",FALSE,920,"AmitShah",2017-03-01 05:55:44,FALSE,"836816167662673920","836817209347407872","1447949844","<a href=""http://twitter.com"" rel=""nofollow"">Twitter Web Client</a>","AmitShah",375,FALSE,FALSE,NA,NA
"Deeply saddened by the sad demise of Taarak Mehta,an eminent writer &amp;humorist. My heartfelt condolences to his family &amp; countless followers.",FALSE,1805,NA,2017-03-01 05:51:36,FALSE,NA,"836816167662673920",NA,"<a href=""http://twitter.com"" rel=""nofollow"">Twitter Web Client</a>","AmitShah",541,FALSE,FALSE,NA,NA
"Great enthusiasm for BJP among people in Manipur. Did pad yatra to campaign for Shri Y Erabot, our candidate from W<U+2026> https://t.co/1tbPq29s6S",FALSE,2021,NA,2017-03-01 05:29:44,TRUE,NA,"836810664471576582",NA,"<a href=""http://twitter.com/download/android"" rel=""nofollow"">Twitter for Android</a>","AmitShah",554,FALSE,FALSE,NA,NA
"Few more pictures of public meeting in Moirang (Manipur). https://t.co/JcyCV677wj",FALSE,1316,NA,2017-02-28 15:13:54,FALSE,NA,"836595288894767104",NA,"<a href=""http://twitter.com"" rel=""nofollow"">Twitter Web Client</a>","AmitShah",398,FALSE,FALSE,NA,NA
"We will also encourage organic farming in the state<U+2019>s hills, which has the potential to raise farmer<U+2019>s income by 7-8 times.",FALSE,560,"AmitShah",2017-02-28 13:23:42,FALSE,"836567457678635009","836567555670228992","1447949844","<a href=""http://twitter.com"" rel=""nofollow"">Twitter Web Client</a>","AmitShah",251,FALSE,FALSE,NA,NA
"If BJP forms government in the state, it will put Manipur on the global tourism map, which will create numerous jobs for the state<U+2019>s youth.",FALSE,595,"AmitShah",2017-02-28 13:23:19,FALSE,"836567368931377152","836567457678635009","1447949844","<a href=""http://twitter.com"" rel=""nofollow"">Twitter Web Client</a>","AmitShah",243,FALSE,FALSE,NA,NA
"After implementation of Food Security Bill, Manipur gets 1.51Lakh tonne of food grains/year but it does not reach the deserving in the state",FALSE,1497,NA,2017-02-28 13:22:58,FALSE,NA,"836567368931377152",NA,"<a href=""http://twitter.com"" rel=""nofollow"">Twitter Web Client</a>","AmitShah",425,FALSE,FALSE,NA,NA
"The states in NE are lagging behind because funds sent by the central government over the years, for various projects have been embezzled.",FALSE,440,"AmitShah",2017-02-28 13:21:27,FALSE,"836566904915525634","836566988226969600","1447949844","<a href=""http://twitter.com"" rel=""nofollow"">Twitter Web Client</a>","AmitShah",217,FALSE,FALSE,NA,NA
"Manipur has failed to develop even 70 years after Independence despite being ruled by one individual and one party<U+2026> https://t.co/766WIKt1B1",FALSE,1169,NA,2017-02-28 13:21:07,TRUE,NA,"836566904915525634",NA,"<a href=""http://twitter.com"" rel=""nofollow"">Twitter Web Client</a>","AmitShah",377,FALSE,FALSE,NA,NA
"How one can expect Ibobi government to work for the people, which shamelessly siphons off the money meant for the welfare of poor.",FALSE,557,"AmitShah",2017-02-28 09:48:36,FALSE,"836513193551872001","836513421533331456","1447949844","<a href=""http://twitter.com"" rel=""nofollow"">Twitter Web Client</a>","AmitShah",266,FALSE,FALSE,NA,NA
"Kangpokpi,Manipur: Congress government in Manipur is a epitome of Corruption,CM Ibobi has not done work worth even<U+2026> https://t.co/HVSexlAP73",FALSE,1564,NA,2017-02-28 09:47:41,TRUE,NA,"836513193551872001",NA,"<a href=""http://twitter.com"" rel=""nofollow"">Twitter Web Client</a>","AmitShah",419,FALSE,FALSE,NA,NA
"Congratulations to @JituRai and @HeenaSidhu10 for their superb performance in ISSF WC. Proud moment. Best wishes for your future endeavours.",FALSE,1494,NA,2017-02-28 08:07:23,FALSE,NA,"836487951307714561",NA,"<a href=""http://twitter.com/download/android"" rel=""nofollow"">Twitter for Android</a>","AmitShah",417,FALSE,FALSE,NA,NA
"<U+092E><U+0941><U+0917><U+0932><U+0938><U+0930><U+093E><U+092F> <U+091C><U+0928><U+0938><U+092D><U+093E>: <U+092D><U+093E><U+091C><U+092A><U+093E> <U+0936><U+093E><U+0938><U+093F><U+0924> <U+0930><U+093E><U+091C><U+094D><U+092F> <U+091C><U+0939><U+093E><U+0902> <U+0935><U+093F><U+0915><U+093E><U+0938> <U+0915><U+0940> <U+0928><U+093F><U+0924> <U+0928><U+0908> <U+0915><U+0939><U+093E><U+0928><U+0940> <U+0932><U+093F><U+0916> <U+0930><U+0939><U+0947> <U+0939><U+0948><U+0902>,<U+0935><U+0939><U+0940><U+0902> <U+0909><U+0924><U+094D><U+0924><U+0930> <U+092A><U+094D><U+0930><U+0926><U+0947><U+0936> <U+0935><U+093F><U+0915><U+093E><U+0938> <U+092E><U+0947><U+0902> <U+0906><U+0917><U+0947> <U+092C><U+0922><U+093C><U+0928><U+0947> <U+0915><U+0947> <U+092C><U+2026> https://t.co/5MTGq2Sk1b",FALSE,1645,NA,2017-02-27 14:57:59,TRUE,NA,"836228895628214272",NA,"<a href=""http://twitter.com"" rel=""nofollow"">Twitter Web Client</a>","AmitShah",497,FALSE,FALSE,NA,NA
"<U+092B><U+0947><U+092B><U+0928><U+093E> (<U+092C><U+0932><U+093F><U+092F><U+093E>) <U+092E><U+0947><U+0902> <U+091C><U+0928><U+0938><U+092D><U+093E> <U+0915><U+094B> <U+0938><U+0902><U+092C><U+094B><U+0927><U+093F><U+0924> <U+0915><U+093F><U+092F><U+093E> <U+0964> https://t.co/SgUBQNFBY0",FALSE,1746,NA,2017-02-27 12:03:29,FALSE,NA,"836184982271873028",NA,"<a href=""http://twitter.com"" rel=""nofollow"">Twitter Web Client</a>","AmitShah",449,FALSE,FALSE,NA,NA
"<U+0935><U+0940><U+0930><U+094B><U+0902> <U+0915><U+0940> <U+092D><U+0942><U+092E><U+093F> <U+092C><U+0932><U+093F><U+092F><U+093E> <U+092E><U+0947><U+0902> <U+0938><U+092D><U+093E> <U+0915><U+0940>,<U+0926><U+0936><U+0915><U+094B><U+0902> <U+0938><U+0947> <U+0938><U+092A><U+093E>-<U+092C><U+0938><U+092A><U+093E> <U+0915><U+0947> <U+0915><U+0941><U+0936><U+093E><U+0938><U+0928> <U+0938><U+0947> <U+092F><U+0939> <U+0915><U+094D><U+0937><U+0947><U+0924><U+094D><U+0930> <U+0935><U+093F><U+0915><U+093E><U+0938> <U+0938><U+0947> <U+0935><U+0902><U+091A><U+093F><U+0924> <U+0939><U+0948>..<U+092A><U+0930> <U+0905><U+092C> <U+092F><U+0939><U+093E><U+0901> <U+092A><U+0930><U+093F><U+0935><U+0930><U+094D><U+0924><U+0928> <U+0915><U+0940><U+2026> https://t.co/OpljAIUmga",FALSE,1667,NA,2017-02-27 10:40:12,TRUE,NA,"836164021095030784",NA,"<a href=""http://twitter.com"" rel=""nofollow"">Twitter Web Client</a>","AmitShah",495,FALSE,FALSE,NA,NA
"<U+0905><U+092A><U+0928><U+093E> <U+0938><U+092E><U+094D><U+092A><U+0942><U+0930><U+094D><U+0923> <U+091C><U+0940><U+0935><U+0928><U+00A0><U+0938><U+092E><U+093E><U+091C> <U+090F><U+0935><U+0902> <U+0930><U+093E><U+0937><U+094D><U+091F><U+094D><U+0930> <U+0938><U+0947><U+0935><U+093E> <U+0915><U+094B> <U+0938><U+092E><U+0930><U+094D><U+092A><U+093F><U+0924> <U+0915><U+0930><U+0928><U+0947> <U+0935><U+093E><U+0932><U+0947> <U+0930><U+093E><U+0937><U+094D><U+091F><U+094D><U+0930><U+090B><U+0937><U+093F><U+00A0><U+0928><U+093E><U+0928><U+093E><U+091C><U+0940> <U+0926><U+0947><U+0936><U+092E><U+0941><U+0916> <U+091C><U+0940> <U+0915><U+0940> <U+092A><U+0941><U+0923><U+094D><U+092F><U+0924><U+093F><U+0925><U+093F> <U+092A><U+0930><U+00A0><U+092D><U+093E><U+0935><U+092D><U+0940><U+0928><U+0940><U+2026> https://t.co/ToU0BTBWjy",FALSE,1664,NA,2017-02-27 03:08:41,TRUE,NA,"836050392530067456",NA,"<a href=""http://twitter.com/download/android"" rel=""nofollow"">Twitter for Android</a>","AmitShah",499,FALSE,FALSE,NA,NA
"<U+0926><U+0947><U+0936> <U+0915><U+0947> <U+0915><U+0930><U+094B><U+0921><U+094B><U+0902><U+00A0><U+092F><U+0941><U+0935><U+093E><U+0913><U+0902> <U+0915><U+0947> <U+0939><U+0943><U+0926><U+092F><U+00A0><U+092E><U+0947><U+0902> <U+0938><U+094D><U+0935><U+093E><U+0927><U+0940><U+0928><U+0924><U+093E> <U+0915><U+0940> <U+0905><U+0932><U+0916> <U+091C><U+0917><U+093E><U+0928><U+0947> <U+0935><U+093E><U+0932><U+0947><U+00A0><U+092E><U+0939><U+093E><U+0928> <U+0915><U+094D><U+0930><U+093E><U+0902><U+0924><U+093F><U+0915><U+093E><U+0930><U+0940> <U+091A><U+0902><U+0926><U+094D><U+0930><U+0936><U+0947><U+0916><U+0930> <U+0906><U+091C><U+093C><U+093E><U+0926><U+00A0><U+0915><U+0947> <U+092C><U+0932><U+093F><U+0926><U+093E><U+0928> <U+0926><U+093F><U+0935><U+0938> <U+092A><U+0930> <U+0909><U+0928><U+094D><U+2026> https://t.co/O93wI0Tetg",FALSE,2053,NA,2017-02-27 03:06:19,TRUE,NA,"836049797693878275",NA,"<a href=""http://twitter.com/download/android"" rel=""nofollow"">Twitter for Android</a>","AmitShah",568,FALSE,FALSE,NA,NA
"<U+0909>.<U+092A><U+094D><U+0930> <U+0915><U+0947> <U+092A><U+093E><U+0902><U+091A><U+0935><U+0947><U+0902> <U+091A><U+0930><U+0923> <U+0915><U+0947> <U+0938><U+092D><U+0940> <U+092E><U+0924><U+0926><U+093E><U+0924><U+093E><U+0913><U+0902> <U+0938><U+0947> <U+0905><U+092A><U+0940><U+0932> <U+0915><U+0930><U+0924><U+093E> <U+0939><U+0942><U+0901> <U+0915><U+093F> <U+092A><U+094D><U+0930><U+0926><U+0947><U+0936> <U+092E><U+0947><U+0902> <U+0924><U+0941><U+0937><U+094D><U+091F><U+093F><U+0915><U+0930><U+0923> <U+090F><U+0935><U+0902> <U+092A><U+0930><U+093F><U+0935><U+093E><U+0930><U+0935><U+093E><U+0926> <U+0938><U+0947> <U+092E><U+0941><U+0915><U+094D><U+0924> <U+0938><U+0930><U+0915><U+093E><U+0930> <U+092C><U+0928><U+093E><U+0928><U+0947> <U+0915><U+0947> <U+0932><U+093F><U+090F> <U+092E><U+0924><U+0926><U+093E><U+0928> <U+0905><U+0935><U+0936><U+094D><U+092F> <U+0915><U+0930><U+0947><U+0902> |",FALSE,1702,NA,2017-02-27 03:01:48,FALSE,NA,"836048662853623808",NA,"<a href=""http://twitter.com/download/android"" rel=""nofollow"">Twitter for Android</a>","AmitShah",522,FALSE,FALSE,NA,NA
"<U+0909>.<U+092A><U+094D><U+0930> <U+092E><U+0947><U+0902> <U+091C><U+092C>-<U+091C><U+092C> <U+0938><U+092A><U+093E> <U+0914><U+0930> <U+092C><U+0938><U+092A><U+093E> <U+0915><U+0940> <U+0938><U+0930><U+0915><U+093E><U+0930> <U+0906><U+0924><U+0940> <U+0939><U+0948> <U+0924><U+092C>-<U+0924><U+092C> <U+092F><U+0947> <U+0926><U+094B><U+0928><U+094B><U+0902> <U+092A><U+093E><U+0930><U+094D><U+091F><U+093F><U+092F><U+093E><U+0901> <U+0932><U+0942><U+091F>-<U+0916><U+0938><U+094B><U+091F> <U+092E><U+0947><U+0902> <U+0935><U+094D><U+092F><U+0938><U+094D><U+0924> <U+0939><U+094B> <U+091C><U+093E><U+0924><U+0940> <U+0939><U+0948><U+0902>,<U+091C><U+0928><U+0924><U+093E> <U+0915><U+0940> <U+092D><U+0932><U+093E><U+0908><U+2026> https://t.co/QmUIHxeuXA",FALSE,1827,NA,2017-02-26 14:25:56,TRUE,NA,"835858440689872897",NA,"<a href=""http://twitter.com/download/android"" rel=""nofollow"">Twitter for Android</a>","AmitShah",529,FALSE,FALSE,NA,NA
"<U+0905><U+0916><U+093F><U+0932><U+0947><U+0936> <U+092F><U+093E><U+0926><U+0935> <U+0915><U+0939><U+0924><U+0947> <U+0939><U+0948><U+0902> <U+0915><U+093F> <U+0909><U+0928><U+094D><U+0939><U+0947><U+0902> <U+092A><U+094D><U+0930><U+0927><U+093E><U+0928><U+092E><U+0902><U+0924><U+094D><U+0930><U+0940> <U+092E><U+094B><U+0926><U+0940> <U+091C><U+0940> <U+0915><U+0940> <U+2018><U+092E><U+0928> <U+0915><U+0940> <U+092C><U+093E><U+0924>' <U+0938><U+092E><U+091D> <U+092E><U+0947><U+0902> <U+0928><U+0939><U+0940><U+0902> <U+0906><U+0924><U+0940>...<U+0905><U+0930><U+0947> <U+0905><U+0916><U+093F><U+0932><U+0947><U+0936> <U+091C><U+0940> <U+2018><U+092E><U+0928> <U+0915><U+0940> <U+092C><U+093E><U+0924>' <U+0938><U+092E><U+091D><U+2026> https://t.co/n7TBblSieE",FALSE,4073,NA,2017-02-26 12:58:19,TRUE,NA,"835836393586819072",NA,"<a href=""http://twitter.com/download/android"" rel=""nofollow"">Twitter for Android</a>","AmitShah",1217,FALSE,FALSE,NA,NA
"<U+0906><U+091C><U+092E><U+0917><U+0922><U+093C> <U+091C><U+0928><U+0938><U+092D><U+093E> <U+0915><U+0947> <U+0915><U+0941><U+091B> <U+0926><U+094D><U+0930><U+094D><U+0936><U+094D><U+092F> <U+0964> https://t.co/1IxKMnSLut",FALSE,1472,NA,2017-02-26 12:26:06,FALSE,NA,"835828282943655936",NA,"<a href=""http://twitter.com"" rel=""nofollow"">Twitter Web Client</a>","AmitShah",417,FALSE,FALSE,NA,NA
"<U+0917><U+094B><U+092A><U+093E><U+0932><U+092A><U+0941><U+0930> <U+0938><U+092D><U+093E>: 11 <U+092E><U+093E><U+0930><U+094D><U+091A> <U+0915><U+094B> <U+0909>.<U+092A><U+094D><U+0930> <U+0938><U+0947> <U+091C><U+093E><U+0924><U+093F><U+0935><U+093E><U+0926>,<U+092A><U+0930><U+093F><U+0935><U+093E><U+0930><U+0935><U+093E><U+0926> <U+0914><U+0930> <U+0924><U+0941><U+0937><U+094D><U+091F><U+093F><U+0915><U+0930><U+0923> <U+092B><U+0948><U+0932><U+093E><U+0928><U+0947> <U+0935><U+093E><U+0932><U+0940> <U+0938><U+092A><U+093E> <U+0938><U+0930><U+0915><U+093E><U+0930> <U+091C><U+093E><U+090F><U+0917><U+0940> <U+0914><U+0930> <U+0938><U+092C><U+0915><U+093E> <U+0938><U+093E><U+0925>-<U+0938><U+092C><U+0915><U+093E> <U+0935><U+093F><U+0915><U+093E><U+2026> https://t.co/B5XJAmIj1q",FALSE,1507,NA,2017-02-26 11:48:57,TRUE,NA,"835818936843259909",NA,"<a href=""http://twitter.com"" rel=""nofollow"">Twitter Web Client</a>","AmitShah",498,FALSE,FALSE,NA,NA
"Pictures of public meeting in Paniyara, Maharajganj (Uttar Pradesh). https://t.co/Axo7u6xqmY",FALSE,1165,NA,2017-02-26 11:18:04,FALSE,NA,"835811163254370304",NA,"<a href=""http://twitter.com/download/android"" rel=""nofollow"">Twitter for Android</a>","AmitShah",346,FALSE,FALSE,NA,NA
"<U+090F><U+0915> <U+0938><U+091A><U+094D><U+091A><U+0947> <U+0930><U+093E><U+0937><U+094D><U+091F><U+094D><U+0930><U+092D><U+0915><U+094D><U+0924>, <U+0905><U+0928><U+0941><U+0915><U+0930><U+094D><U+0923><U+0940><U+092F> <U+092F><U+0941><U+0917><U+0926><U+094D><U+0930><U+0937><U+094D><U+091F><U+093E> <U+0914><U+0930> <U+0905><U+0926><U+094D><U+0935><U+093F><U+0924><U+0940><U+092F> <U+0938><U+094D><U+0935><U+0924><U+0902><U+0924><U+094D><U+0930><U+0924><U+093E> <U+0938><U+0947><U+0928><U+093E><U+0928><U+0940><U+00A0><U+0938><U+094D><U+0935><U+093E><U+0924><U+0902><U+0924><U+094D><U+0930><U+094D><U+092F> <U+0935><U+0940><U+0930> <U+0938><U+093E><U+0935><U+0930><U+0915><U+0930> <U+0915><U+0940> <U+092A><U+0941><U+0923><U+094D><U+092F><U+0924><U+093F><U+0925><U+093F> <U+092A><U+0930> <U+0909><U+0928><U+094D><U+2026> https://t.co/VLiWkbN4ZH",FALSE,3613,NA,2017-02-26 03:12:08,TRUE,NA,"835688873514663936",NA,"<a href=""http://twitter.com/download/android"" rel=""nofollow"">Twitter for Android</a>","AmitShah",1056,FALSE,FALSE,NA,NA
"<U+092C><U+093E><U+0902><U+0938><U+0921><U+0940><U+0939> (<U+092C><U+0932><U+093F><U+092F><U+093E>) <U+091C><U+0928><U+0938><U+092D><U+093E> <U+0915><U+0947> <U+0915><U+0941><U+091B> <U+0926><U+094D><U+0930><U+0936><U+094D><U+092F><U+0964> https://t.co/i30C02k1Iv",FALSE,1864,NA,2017-02-25 15:39:50,FALSE,NA,"835514652792586241",NA,"<a href=""http://twitter.com"" rel=""nofollow"">Twitter Web Client</a>","AmitShah",503,FALSE,FALSE,NA,NA
"<U+0938><U+0932><U+0947><U+092E><U+092A><U+0941><U+0930>(<U+0926><U+0947><U+0935><U+0930><U+093F><U+092F><U+093E>): <U+092C><U+0921><U+093C><U+0940> <U+0935><U+093F><U+0921><U+092E><U+094D><U+092C><U+0928><U+093E> <U+0939><U+0948> <U+0915><U+093F> <U+092A><U+0942><U+0930><U+094D><U+0935><U+093E><U+0902><U+091A><U+0932> <U+0935><U+093F><U+0915><U+093E><U+0938> <U+0938><U+0947> <U+0915><U+094B><U+0938><U+094B><U+0902> <U+0926><U+0942><U+0930> <U+0939><U+0948>,<U+0939><U+0930> <U+0915><U+094D><U+0937><U+0947><U+0924><U+094D><U+0930> <U+092E><U+0947><U+0902> <U+092A><U+093F><U+091B><U+0921><U+093C><U+093E> <U+0939><U+0948>...<U+092B><U+093F><U+0930> <U+092D><U+0940> <U+0905><U+0916><U+093F><U+0932><U+0947><U+0936> <U+092C><U+094B><U+0932><U+2026> https://t.co/kJSE9m5Cjn",FALSE,1701,NA,2017-02-25 15:15:17,TRUE,NA,"835508473743933443",NA,"<a href=""http://twitter.com"" rel=""nofollow"">Twitter Web Client</a>","AmitShah",490,FALSE,FALSE,NA,NA
"Pictures of public meeting in Tumkuhiraj, Kushinagar. https://t.co/jVFeSkBpom",FALSE,1069,NA,2017-02-25 12:16:16,FALSE,NA,"835463421755801600",NA,"<a href=""http://twitter.com"" rel=""nofollow"">Twitter Web Client</a>","AmitShah",337,FALSE,FALSE,NA,NA
"<U+0909>.<U+092A><U+094D><U+0930> <U+0915><U+0947> <U+0932><U+093F><U+090F> <U+092E><U+094B><U+0926><U+0940> <U+091C><U+0940> <U+0928><U+0947> <U+0939><U+0930> <U+0938><U+0902><U+092D><U+0935> <U+092E><U+0926><U+0926> <U+0915><U+0940> <U+0915><U+093F><U+0938><U+093E><U+0928><U+094B><U+0902> <U+090F><U+0935><U+0902> <U+0917><U+0930><U+0940><U+092C><U+094B><U+0902> <U+0915><U+0947> <U+0932><U+093F><U+090F> <U+0905><U+0928><U+0947><U+0915><U+094B><U+0902> <U+092F><U+094B><U+091C><U+0928><U+093E><U+090F><U+0902> <U+0936><U+0941><U+0930><U+0942> <U+0915><U+0940>, <U+0932><U+0947><U+0915><U+093F><U+0928> <U+0905><U+0916><U+093F><U+0932><U+0947><U+0936> <U+0938><U+0930><U+0915><U+093E><U+0930> <U+0928><U+0947> <U+0909><U+0928><U+0924><U+0915><U+2026> https://t.co/3tyhkwaS9m",FALSE,1696,NA,2017-02-25 12:03:03,TRUE,NA,"835460096767451136",NA,"<a href=""http://twitter.com"" rel=""nofollow"">Twitter Web Client</a>","AmitShah",526,FALSE,FALSE,NA,NA
"<U+0905><U+092E><U+094D><U+092C><U+0947><U+0921><U+0915><U+0930> <U+0928><U+0917><U+0930> <U+0915><U+0947> <U+0905><U+0915><U+092C><U+0930><U+092A><U+0941><U+0930> <U+092E><U+0947><U+0902> <U+091C><U+0928><U+0938><U+092D><U+093E> <U+0915><U+094B> <U+0938><U+0902><U+092C><U+094B><U+0927><U+093F><U+0924> <U+0915><U+093F><U+092F><U+093E> <U+0964> https://t.co/PcCEjmzRGJ",FALSE,1811,NA,2017-02-25 08:45:41,FALSE,NA,"835410426762571776",NA,"<a href=""http://twitter.com"" rel=""nofollow"">Twitter Web Client</a>","AmitShah",489,FALSE,FALSE,NA,NA
"<U+0926><U+0936><U+0915><U+094B><U+0902> <U+0924><U+0915> <U+0938><U+0924><U+094D><U+0924><U+093E> <U+092E><U+0947><U+0902> <U+0930><U+0939><U+0915><U+0930> <U+091C><U+0928><U+0924><U+093E> <U+0915><U+0947> <U+0932><U+093F><U+090F> <U+0915><U+0941><U+091B> <U+092D><U+0940> <U+0928> <U+0915><U+0930><U+0928><U+0947> <U+0935><U+093E><U+0932><U+0947> <U+0932><U+094B><U+0917> <U+0906><U+091C> <U+091C><U+092C> <U+0905><U+092A><U+0928><U+0940> <U+0939><U+093E><U+0930> <U+092D><U+093E><U+0902><U+092A> <U+0917><U+090F> <U+0939><U+0948><U+0902> <U+0924><U+094B> <U+0909><U+0928><U+0915><U+0940> <U+0935><U+093E><U+0923><U+0940> <U+092E><U+0947><U+0902> <U+0905><U+0938><U+0902><U+092F><U+092E> <U+0914><U+0930> <U+091A><U+0947><U+0939><U+2026> https://t.co/oJNruJHvit",FALSE,2257,NA,2017-02-24 15:20:12,TRUE,NA,"835147320027197440",NA,"<a href=""http://twitter.com"" rel=""nofollow"">Twitter Web Client</a>","AmitShah",674,FALSE,FALSE,NA,NA
"<U+091C><U+0948><U+0938><U+0947> <U+091C><U+0948><U+0938><U+0947> <U+091A><U+0941><U+0928><U+093E><U+0935> <U+0906><U+0917><U+0947> <U+092C><U+0922><U+093C><U+0924><U+093E> <U+091C><U+093E> <U+0930><U+0939><U+093E> <U+0939><U+0948> <U+0935><U+0948><U+0938><U+0947> <U+0935><U+0948><U+0938><U+0947> <U+091C><U+0928><U+0924><U+093E> <U+092E><U+0947><U+0902> <U+092D><U+093E><U+091C><U+092A><U+093E> <U+0915><U+0947> <U+092A><U+094D><U+0930><U+0924><U+093F> <U+0909><U+0924><U+094D><U+0938><U+093E><U+0939> <U+0914><U+0930> <U+092C><U+0922><U+093C><U+0924><U+093E> <U+091C><U+093E> <U+0930><U+0939><U+093E> <U+0939><U+0948>.... <U+092E><U+0927><U+0941><U+092C><U+0928> (<U+092E><U+090A>) <U+091C><U+0928><U+0938><U+2026> https://t.co/Hs8TQ9qEnP",FALSE,2233,NA,2017-02-24 15:03:53,TRUE,NA,"835143217402298368",NA,"<a href=""http://twitter.com"" rel=""nofollow"">Twitter Web Client</a>","AmitShah",729,FALSE,FALSE,NA,NA
"Pictures of public meeting in Sikanderpur, Ballia (Uttar Pradesh). https://t.co/r6zYVbLqSc",FALSE,1861,NA,2017-02-24 13:26:58,FALSE,NA,"835118825309777922",NA,"<a href=""http://twitter.com/download/android"" rel=""nofollow"">Twitter for Android</a>","AmitShah",453,FALSE,FALSE,NA,NA
"<U+0928><U+093F><U+091C><U+093C><U+093E><U+092E><U+093E><U+092C><U+093E><U+0926> (<U+0906><U+091C><U+092E><U+0917><U+0922><U+093C>): <U+0938><U+092A><U+093E>-<U+092C><U+0938><U+092A><U+093E> <U+0928><U+0947> <U+0909>.<U+092A><U+094D><U+0930> <U+0915><U+094B> <U+092C><U+0930><U+094D><U+092C><U+093E><U+0926> <U+0915><U+0930> <U+0926><U+093F><U+092F><U+093E> <U+0939><U+0948> <U+0905><U+092C> 11<U+092E><U+093E><U+0930><U+094D><U+091A> 2017 <U+0915><U+094B> <U+092A><U+094D><U+0930><U+0926><U+0947><U+0936> <U+092E><U+0947><U+0902> <U+092D><U+093E><U+091C><U+092A><U+093E> <U+0915><U+0940> <U+0938><U+0930><U+0915><U+093E><U+0930> <U+092C><U+0928><U+0947><U+0917><U+0940> <U+0914><U+0930> <U+0909><U+2026> https://t.co/DsxlZwCc0e",FALSE,2013,NA,2017-02-24 09:14:20,TRUE,NA,"835055247030697987",NA,"<a href=""http://twitter.com"" rel=""nofollow"">Twitter Web Client</a>","AmitShah",555,FALSE,FALSE,NA,NA
"<U+0938><U+092E><U+0938><U+094D><U+0924> <U+0926><U+0947><U+0936><U+0935><U+093E><U+0938><U+093F><U+092F><U+094B><U+0902> <U+0915><U+094B> <U+092E><U+0939><U+093E><U+0936><U+093F><U+0935><U+0930><U+093E><U+0924><U+094D><U+0930><U+093F> <U+0915><U+0947> <U+092E><U+0939><U+093E><U+092A><U+0930><U+094D><U+0935> <U+0915><U+0940> <U+0939><U+093E><U+0930><U+094D><U+0926><U+093F><U+0915> <U+0936><U+0941><U+092D><U+0915><U+093E><U+092E><U+0928><U+093E><U+090F><U+0902> |
<U+0950> <U+0928><U+092E><U+0903> <U+0936><U+093F><U+0935><U+093E><U+092F> https://t.co/tjNlEpMp9j",FALSE,5050,NA,2017-02-24 02:11:55,FALSE,NA,"834948945843384320",NA,"<a href=""http://twitter.com/download/android"" rel=""nofollow"">Twitter for Android</a>","AmitShah",1105,FALSE,FALSE,NA,NA
"<U+092A><U+0925><U+0930><U+0926><U+0947><U+0935><U+093E> <U+091C><U+0928><U+0938><U+092D><U+093E>: <U+0909><U+0924><U+094D><U+0924><U+0930> <U+092A><U+094D><U+0930><U+0926><U+0947><U+0936> <U+092E><U+0947><U+0902> <U+092D><U+093E><U+0930><U+0924><U+0940><U+092F> <U+091C><U+0928><U+0924><U+093E> <U+092A><U+093E><U+0930><U+094D><U+091F><U+0940> <U+0915><U+0940> <U+0938><U+0930><U+0915><U+093E><U+0930> <U+092C><U+0928><U+0928><U+0947> <U+0915><U+0947> 7<U+0926><U+093F><U+0928><U+094B><U+0902> <U+0915><U+0947> <U+0905><U+0902><U+0926><U+0930> <U+0939><U+0940> <U+092D><U+0942>-<U+092E><U+093E><U+092B><U+093F><U+092F><U+093E><U+0913><U+0902> <U+0915><U+094B> <U+091C><U+092E><U+0940><U+0928><U+094B><U+0902> <U+092A><U+0930> <U+0938><U+0947> <U+0905><U+2026> https://t.co/cqpFOTelsB",FALSE,1601,NA,2017-02-23 14:14:27,TRUE,NA,"834768388593311744",NA,"<a href=""http://twitter.com/download/android"" rel=""nofollow"">Twitter for Android</a>","AmitShah",460,FALSE,FALSE,NA,NA
"Pictures of public meeting in Deoria (Uttar Pradesh). https://t.co/GiLJ5IW98p",FALSE,1540,NA,2017-02-23 13:41:29,FALSE,NA,"834760090087456768",NA,"<a href=""http://twitter.com/download/android"" rel=""nofollow"">Twitter for Android</a>","AmitShah",403,FALSE,FALSE,NA,NA
"<U+092D><U+093E><U+091C><U+092A><U+093E> <U+0915><U+0940> <U+0935><U+093F><U+0915><U+093E><U+0938><U+0928><U+0940><U+0924><U+093F> <U+090F><U+0935><U+0902> <U+0938><U+092C><U+0915><U+093E> <U+0938><U+093E><U+0925>-<U+0938><U+092C><U+0915><U+093E> <U+0935><U+093F><U+0915><U+093E><U+0938> <U+0915><U+0940> <U+0935><U+093F><U+091A><U+093E><U+0930><U+0927><U+093E><U+0930><U+093E> <U+092E><U+0947><U+0902> <U+0935><U+093F><U+0936><U+094D><U+0935><U+093E><U+0938> <U+092A><U+094D><U+0930><U+0915><U+091F> <U+0915><U+0930><U+0928><U+0947> <U+0915><U+0947> <U+0932><U+093F><U+090F> <U+092E><U+0948><U+0902> <U+092E><U+0939><U+093E><U+0930><U+093E><U+0937><U+094D><U+091F><U+094D><U+0930> <U+0915><U+0940> <U+091C><U+0928><U+0924><U+093E> <U+0915><U+093E> <U+0939><U+0943><U+0926><U+092F> <U+0938><U+0947> <U+0905><U+092D><U+093F><U+0928><U+0928><U+094D><U+0926><U+0928> <U+0915><U+0930><U+0924><U+093E> <U+0939><U+0942><U+0901> |",FALSE,1793,"AmitShah",2017-02-23 11:20:42,FALSE,"834724500545511424","834724662424719360","1447949844","<a href=""http://twitter.com/download/android"" rel=""nofollow"">Twitter for Android</a>","AmitShah",695,FALSE,FALSE,NA,NA
"<U+092C><U+0940><U+090F><U+092E><U+0938><U+0940> <U+0938><U+092E><U+0947><U+0924> <U+092E><U+0939><U+093E><U+0930><U+093E><U+0937><U+094D><U+091F><U+094D><U+0930> <U+0915><U+0947> <U+0938><U+092D><U+0940> <U+0928><U+093F><U+0915><U+093E><U+092F> <U+091A><U+0941><U+0928><U+093E><U+0935><U+094B><U+0902> <U+092E><U+0947><U+0902> <U+092D><U+093E><U+091C><U+092A><U+093E> <U+0915><U+0940> <U+0905><U+092D><U+0942><U+0924><U+092A><U+0942><U+0930><U+094D><U+0935> <U+0938><U+092B><U+0932><U+0924><U+093E> <U+092A><U+0930> <U+0936><U+094D><U+0930><U+0940> @Dev_Fadnavis,<U+0936><U+094D><U+0930><U+0940> @raosahebdanve<U+2026> https://t.co/GTTdxoF5CL",FALSE,3298,NA,2017-02-23 11:20:04,TRUE,NA,"834724500545511424",NA,"<a href=""http://twitter.com/download/android"" rel=""nofollow"">Twitter for Android</a>","AmitShah",990,FALSE,FALSE,NA,NA
"<U+0916><U+0921><U+094D><U+0921><U+093E>(<U+0915><U+0941><U+0936><U+0940><U+0928><U+0917><U+0930>)<U+0938><U+092D><U+093E>:  <U+0909>.<U+092A><U+094D><U+0930> <U+092E><U+0947><U+0902> <U+092D><U+093E><U+091C><U+092A><U+093E> <U+0938><U+0930><U+0915><U+093E><U+0930> <U+092C><U+0928><U+0928><U+0947> <U+0915><U+0947> <U+092C><U+093E><U+0926> <U+091B><U+093E><U+0924><U+094D><U+0930><U+093E><U+0913><U+0902> <U+0915><U+094B> <U+0915><U+0949><U+0932><U+0947><U+091C> <U+0938><U+094D><U+0924><U+0930> <U+0924><U+0915> <U+0915><U+0940> <U+092E><U+0941><U+092B><U+093C><U+094D><U+0924> <U+0936><U+093F><U+0915><U+094D><U+0937><U+093E> <U+090F><U+0935><U+0902> <U+092A><U+094D><U+0930><U+0926><U+0947><U+0936> <U+0915><U+0947> <U+092F><U+0941><U+0935><U+093E><U+2026> https://t.co/XjgMQLUeUG",FALSE,1435,NA,2017-02-23 11:02:41,TRUE,NA,"834720126603718657",NA,"<a href=""http://twitter.com/download/android"" rel=""nofollow"">Twitter for Android</a>","AmitShah",408,FALSE,FALSE,NA,NA
"<U+092E><U+0939><U+093E><U+0930><U+093E><U+091C><U+0917><U+0902><U+091C> <U+0938><U+092D><U+093E>: <U+092E><U+094B><U+0926><U+0940> <U+0938><U+0930><U+0915><U+093E><U+0930> <U+0926><U+094D><U+0935><U+093E><U+0930><U+093E> <U+0906><U+092A><U+0915><U+0947> <U+0932><U+093F><U+090F> <U+092D><U+0947><U+091C><U+093E> <U+092A><U+0948><U+0938><U+093E> <U+0915><U+0939><U+093E><U+0901> <U+0917><U+092F><U+093E> <U+0905><U+0917><U+0930> <U+092F><U+0939> <U+0926><U+0947><U+0916><U+0928><U+093E> <U+0939><U+0948> <U+0924><U+094B> <U+0905><U+092A><U+0928><U+0947> <U+0938><U+094D><U+0925><U+093E><U+0928><U+0940><U+092F> <U+0938><U+092E><U+093E><U+091C><U+0935><U+093E><U+0926><U+0940> <U+0928><U+0947><U+0924><U+093E> <U+0915><U+093E> <U+092E><U+0915><U+093E><U+0928><U+2026> https://t.co/Mf9R46Xcoj",FALSE,2006,NA,2017-02-23 09:52:22,TRUE,NA,"834702431489454080",NA,"<a href=""http://twitter.com/download/android"" rel=""nofollow"">Twitter for Android</a>","AmitShah",608,FALSE,FALSE,NA,NA
"<U+0909><U+0924><U+094D><U+0924><U+0930> <U+092A><U+094D><U+0930><U+0926><U+0947><U+0936> <U+0915><U+0947> <U+091A><U+094C><U+0925><U+0947> <U+091A><U+0930><U+0923> <U+0915><U+0947> <U+0938><U+092D><U+0940> <U+092E><U+0924><U+0926><U+093E><U+0924><U+093E><U+0913><U+0902> <U+0938><U+0947> <U+0905><U+092A><U+0940><U+0932> <U+0915><U+0930><U+0924><U+093E> <U+0939><U+0942><U+0901> <U+0915><U+093F> <U+092A><U+094D><U+0930><U+0926><U+0947><U+0936> <U+0915><U+094B> <U+092D><U+092F>, <U+092D><U+094D><U+0930><U+0937><U+094D><U+091F><U+093E><U+091A><U+093E><U+0930> <U+0914><U+0930> <U+0917><U+0941><U+0902><U+0921><U+093E><U+0930><U+093E><U+091C> <U+0938><U+0947> <U+092E><U+0941><U+0915><U+094D><U+0924> <U+0915><U+0930><U+0928><U+0947> <U+0915><U+0947> <U+0932><U+093F><U+090F> <U+092E><U+0924><U+0926><U+093E><U+0928> <U+0905><U+0935><U+0936><U+094D><U+092F> <U+0915><U+0930><U+0947><U+0902> |",FALSE,2599,NA,2017-02-23 02:26:22,FALSE,NA,"834590192983953408",NA,"<a href=""http://twitter.com/download/android"" rel=""nofollow"">Twitter for Android</a>","AmitShah",820,FALSE,FALSE,NA,NA
"<U+0938><U+092A><U+093E> <U+0914><U+0930> <U+092C><U+0938><U+092A><U+093E> <U+091C><U+0928><U+0924><U+093E> <U+0915><U+0947> <U+0932><U+093F><U+090F> <U+0916><U+093E><U+0908> <U+0914><U+0930> <U+0915><U+0941><U+090F><U+0901> <U+0915><U+0940> <U+0924><U+0930><U+0939> <U+0939><U+0948><U+0902>,<U+0909>.<U+092A><U+094D><U+0930> <U+0915><U+093E> <U+0935><U+093F><U+0915><U+093E><U+0938> <U+0928> <U+0924><U+094B> <U+0938><U+092A><U+093E>-<U+0915><U+093E><U+0902><U+0917><U+094D><U+0930><U+0947><U+0938> <U+0915><U+0930> <U+0938><U+0915><U+0924><U+0940> <U+0939><U+0948> <U+0914><U+0930> <U+0928> <U+0939><U+0940> <U+092C><U+0938><U+092A><U+093E>,<U+092F><U+0939><U+093E><U+0901> <U+0935><U+093F><U+0915><U+093E><U+0938><U+2026> https://t.co/H6xcCxGvYh",FALSE,2497,NA,2017-02-22 15:40:10,TRUE,NA,"834427572045873152",NA,"<a href=""http://twitter.com/download/android"" rel=""nofollow"">Twitter for Android</a>","AmitShah",723,FALSE,FALSE,NA,NA
"<U+0916><U+091C><U+0928><U+0940>(<U+0917><U+094B><U+0930><U+0916><U+092A><U+0941><U+0930>) <U+092E><U+0947><U+0902> <U+0938><U+092D><U+093E> <U+0915><U+094B> <U+0938><U+0902><U+092C><U+094B><U+0927><U+093F><U+0924> <U+0915><U+093F><U+092F><U+093E>, <U+092A><U+0942><U+0930><U+0947> <U+0909>.<U+092A><U+094D><U+0930> <U+092E><U+0947><U+0902> <U+0939><U+0930> <U+091C><U+0917><U+0939> <U+092C><U+0938> '<U+092D><U+093E><U+091C><U+092A><U+093E>' <U+0939><U+0940> <U+0926><U+093F><U+0916> <U+0930><U+0939><U+0940> <U+0939><U+0948>...<U+091C><U+0928><U+0924><U+093E> <U+092A><U+094D><U+0930><U+0926><U+0947><U+0936> <U+0915><U+093E> <U+092D><U+093E><U+0917><U+094D><U+092F> <U+092C><U+0926><U+0932><U+0928><U+0947><U+2026> https://t.co/sCS9Pd9s5H",FALSE,2421,NA,2017-02-22 14:34:02,TRUE,NA,"834410927608983558",NA,"<a href=""http://twitter.com/download/android"" rel=""nofollow"">Twitter for Android</a>","AmitShah",680,FALSE,FALSE,NA,NA
"Pictures of public meeting in<U+00A0>Atrauliya, Azamgarh (Uttar Pradesh). https://t.co/T1mvO9C3zX",FALSE,1846,NA,2017-02-22 14:02:27,FALSE,NA,"834402979591524354",NA,"<a href=""http://twitter.com/download/android"" rel=""nofollow"">Twitter for Android</a>","AmitShah",547,FALSE,FALSE,NA,NA
"<U+0906><U+091C> <U+0938><U+0941><U+0932><U+094D><U+0924><U+093E><U+0928><U+092A><U+0941><U+0930> <U+0915><U+0947> <U+0932><U+092E><U+094D><U+092D><U+0941><U+0906> <U+0935><U+093F><U+0927><U+093E><U+0928><U+0938><U+092D><U+093E> <U+092E><U+0947><U+0902> <U+0906><U+092F><U+094B><U+091C><U+093F><U+0924> <U+091C><U+0928><U+0938><U+092D><U+093E> <U+0915><U+094B> <U+0938><U+0902><U+092C><U+094B><U+0927><U+093F><U+0924> <U+0915><U+093F><U+092F><U+093E> | https://t.co/LLHwWEQaYE",FALSE,1430,NA,2017-02-22 13:15:50,FALSE,NA,"834391246760267776",NA,"<a href=""http://twitter.com/download/android"" rel=""nofollow"">Twitter for Android</a>","AmitShah",484,FALSE,FALSE,NA,NA
"<U+092A><U+094D><U+0930><U+092F><U+093E><U+0917> <U+0930><U+094B><U+0921> <U+0936><U+094B> <U+0915><U+0947> <U+0915><U+0941><U+091B> <U+0914><U+0930> <U+0926><U+094D><U+0930><U+0936><U+094D><U+092F> <U+0964> https://t.co/1okIA1ctIX",FALSE,2448,NA,2017-02-21 15:04:44,FALSE,NA,"834056266364440576",NA,"<a href=""http://twitter.com"" rel=""nofollow"">Twitter Web Client</a>","AmitShah",705,FALSE,FALSE,NA,NA
"<U+0906><U+091C> <U+0935><U+093F><U+091C><U+092F> <U+0936><U+0902><U+0916><U+0928><U+093E><U+0902><U+0926> <U+0930><U+094B><U+0921> <U+0936><U+094B> <U+092E><U+0947><U+0902> <U+0910><U+0938><U+0947> <U+0905><U+092A><U+093E><U+0930> <U+091C><U+0928><U+0938><U+092E><U+0930><U+094D><U+0925><U+0928> <U+0915><U+0947> <U+0932><U+093F><U+090F> ""<U+092A><U+094D><U+0930><U+092F><U+093E><U+0917>"" <U+0915><U+0940> <U+091C><U+0928><U+0924><U+093E> <U+0915><U+093E> <U+0939><U+0943><U+0926><U+092F> <U+0938><U+0947> <U+0905><U+092D><U+093F><U+0928><U+0928><U+094D><U+0926><U+0928>..<U+0905><U+092C> <U+092D><U+093E><U+091C><U+092A><U+093E> <U+092C><U+0939><U+0941><U+092E><U+0924> <U+0938><U+0947> <U+092A><U+094D><U+0930><U+091A><U+0902><U+0921><U+2026> https://t.co/DEcYpJjRC2",FALSE,4426,NA,2017-02-21 13:22:21,TRUE,NA,"834030498699673600",NA,"<a href=""http://twitter.com"" rel=""nofollow"">Twitter Web Client</a>","AmitShah",1186,FALSE,FALSE,NA,NA
"<U+0927><U+0930><U+094D><U+092E> <U+0928><U+0917><U+0930><U+0940> <U+092A><U+094D><U+0930><U+092F><U+093E><U+0917> <U+092E><U+0947><U+0902> <U+0905><U+092E><U+0930> <U+092C><U+0932><U+093F><U+0926><U+093E><U+0928><U+0940> <U+091A><U+0902><U+0926><U+094D><U+0930><U+0936><U+0947><U+0916><U+0930> <U+0906><U+091C><U+093C><U+093E><U+0926> <U+091C><U+0940> <U+0915><U+094B> <U+092A><U+0941><U+0937><U+094D><U+092A><U+093E><U+0902><U+091C><U+0932><U+093F> <U+0905><U+0930><U+094D><U+092A><U+093F><U+0924> <U+0915><U+0930> <U+092A><U+094D><U+0930><U+0926><U+0947><U+0936> <U+0915><U+094B> <U+092D><U+092F>,<U+092D><U+094D><U+0930><U+0937><U+094D><U+091F><U+093E><U+091A><U+093E><U+0930> <U+0914><U+0930> <U+0917><U+0941><U+0902><U+0921><U+093E><U+0930><U+093E><U+091C> <U+0938><U+0947><U+2026> https://t.co/j5nT9PBTp8",FALSE,2090,NA,2017-02-21 09:20:58,TRUE,NA,"833969752934666243",NA,"<a href=""http://twitter.com"" rel=""nofollow"">Twitter Web Client</a>","AmitShah",601,FALSE,FALSE,NA,NA
"<U+0909>.<U+092A><U+094D><U+0930> <U+0905><U+092C> <U+0938><U+092A><U+093E> <U+0926><U+094D><U+0935><U+093E><U+0930><U+093E> <U+092A><U+094B><U+0937><U+093F><U+0924> <U+0917><U+0941><U+0902><U+0921><U+093E><U+0930><U+093E><U+091C>, <U+092D><U+094D><U+0930><U+0937><U+094D><U+091F><U+093E><U+091A><U+093E><U+0930> <U+0914><U+0930> <U+091C><U+093E><U+0924><U+093F><U+0935><U+093E><U+0926> <U+0915><U+0947> <U+0926><U+0932><U+0926><U+0932> <U+0938><U+0947> <U+092C><U+093E><U+0939><U+0930> <U+0906><U+0928><U+0947> <U+0935><U+093E><U+0932><U+093E> <U+0939><U+0948>...<U+092A><U+094D><U+0930><U+0926><U+0947><U+0936> <U+092E><U+0947><U+0902> <U+092A><U+0942><U+0930><U+094D><U+0923> <U+092C><U+0939><U+0941><U+092E><U+0924> <U+0915><U+0940><U+2026> https://t.co/0MT7HahAeE",FALSE,2763,NA,2017-02-21 08:00:28,TRUE,NA,"833949496757268482",NA,"<a href=""http://twitter.com"" rel=""nofollow"">Twitter Web Client</a>","AmitShah",755,FALSE,FALSE,NA,NA
"Addressed a public meeting in Chitrakoot (Uttar Pradesh). https://t.co/jAAqJLsXF4",FALSE,1735,NA,2017-02-20 14:36:24,FALSE,NA,"833686747661877249",NA,"<a href=""http://twitter.com/download/android"" rel=""nofollow"">Twitter for Android</a>","AmitShah",454,FALSE,FALSE,NA,NA
"<U+0938><U+0941><U+0932><U+094D><U+0924><U+093E><U+0928><U+092A><U+0941><U+0930> <U+0915><U+0940> <U+0938><U+092D><U+093E> <U+0915><U+0947> <U+0915><U+0941><U+091B> <U+0926><U+0943><U+0936><U+094D><U+092F> ......<U+0932><U+094B><U+0917><U+094B><U+0902> <U+092E><U+0947><U+0902> <U+092F><U+0939> <U+0917><U+091C><U+092C> <U+0915><U+093E> <U+0909><U+0924><U+094D><U+0938><U+093E><U+0939> <U+0914><U+0930> <U+092D><U+093E><U+091C><U+092A><U+093E> <U+092E><U+0947><U+0902> <U+0905><U+091F><U+0942><U+091F> <U+0935><U+093F><U+0936><U+094D><U+0935><U+093E><U+0938> <U+0905><U+0916><U+093F><U+0932><U+0947><U+0936> <U+092F><U+093E><U+0926><U+0935> <U+0914><U+0930> <U+092E><U+093E><U+092F><U+093E><U+0935><U+0924><U+0940> <U+091C><U+0940><U+2026> https://t.co/qK5dpEBhQn",FALSE,3155,NA,2017-02-20 12:47:30,TRUE,NA,"833659340552863746",NA,"<a href=""http://twitter.com/download/android"" rel=""nofollow"">Twitter for Android</a>","AmitShah",829,FALSE,FALSE,NA,NA
"Pictures of public meeting in Jalalpur, Ambedkar Nagar (Uttar Pradesh). https://t.co/NbWGhHvAyj",FALSE,1776,NA,2017-02-20 10:11:02,FALSE,NA,"833619967434125312",NA,"<a href=""http://twitter.com"" rel=""nofollow"">Twitter Web Client</a>","AmitShah",455,FALSE,FALSE,NA,NA
"<U+0915><U+092A><U+094D><U+0924><U+093E><U+0928><U+0917><U+0902><U+091C>: <U+0905><U+0916><U+093F><U+0932><U+0947><U+0936> <U+091C><U+0940> <U+091C><U+0928><U+0924><U+093E> <U+0915><U+094B> <U+0928><U+0939><U+0940><U+0902> <U+091A><U+093E><U+0939><U+093F><U+090F> <U+0910><U+0938><U+093E> <U+0915><U+093E><U+092E> <U+091C><U+093F><U+0938><U+0938><U+0947> <U+092A><U+094D><U+0930><U+0926><U+0947><U+0936> <U+0935><U+093F><U+0915><U+093E><U+0938> <U+092E><U+0947><U+0902> <U+092A><U+0940><U+091B><U+0947> <U+0914><U+0930> <U+0905><U+092A><U+0930><U+093E><U+0927>,<U+092D><U+094D><U+0930><U+0937><U+094D><U+091F><U+093E><U+091A><U+093E><U+0930>,<U+0939><U+0924><U+094D><U+092F><U+093E> <U+0914><U+0930> <U+092C><U+0932><U+093E><U+0924><U+094D><U+0915><U+093E><U+0930><U+094B><U+0902><U+2026> https://t.co/A8eCeqgO9p",FALSE,2588,NA,2017-02-20 08:57:13,TRUE,NA,"833601389787897856",NA,"<a href=""http://twitter.com"" rel=""nofollow"">Twitter Web Client</a>","AmitShah",732,FALSE,FALSE,NA,NA
"<U+0905><U+092A><U+0928><U+0940> <U+0935><U+093F><U+091A><U+093E><U+0930> <U+0936><U+0915><U+094D><U+0924><U+093F> <U+0935> <U+0915><U+093E><U+0930><U+094D><U+092F><U+0936><U+0915><U+094D><U+0924><U+093F> <U+0938><U+0947> <U+0915><U+093E><U+0930><U+094D><U+092F><U+0915><U+0930><U+094D><U+0924><U+093E><U+0913><U+0902> <U+0915><U+093E> <U+092E><U+093E><U+0930><U+094D><U+0917><U+0926><U+0930><U+094D><U+0936><U+0928> <U+0915><U+0930><U+0928><U+0947> <U+0935><U+093E><U+0932><U+0947> @RSSorg <U+0915><U+0947> <U+0926><U+094D><U+0935><U+093F><U+0924><U+0940><U+092F> <U+0938><U+0930><U+0938><U+0902><U+0918><U+091A><U+093E><U+0932><U+0915> <U+0936><U+094D><U+0930><U+0940> <U+0917><U+0941><U+0930><U+0941> <U+091C><U+0940> <U+0915><U+0940><U+2026> https://t.co/985pHk6xNX",FALSE,2045,NA,2017-02-19 02:22:43,TRUE,NA,"833139721962475520",NA,"<a href=""http://twitter.com/download/android"" rel=""nofollow"">Twitter for Android</a>","AmitShah",723,FALSE,FALSE,NA,NA
"<U+091B><U+0924><U+094D><U+0930><U+092A><U+0924><U+093F> <U+0936><U+093F><U+0935><U+093E><U+091C><U+0940> <U+092E><U+0939><U+093E><U+0930><U+093E><U+091C> <U+0915><U+093E> <U+0928><U+094D><U+092F><U+093E><U+092F><U+092A><U+0942><U+0930><U+094D><U+0923> <U+0936><U+093E><U+0938><U+0928> <U+090F><U+0935><U+0902> <U+0909><U+0928><U+0915><U+0940> <U+0917><U+094C><U+0930><U+0935> <U+0917><U+093E><U+0925><U+093E><U+090F><U+0902> <U+091A><U+0940><U+0930> <U+0915><U+093E><U+0932> <U+0924><U+0915> <U+0932><U+094B><U+0917><U+094B><U+0902> <U+0915><U+094B> <U+092A><U+094D><U+0930><U+0947><U+0930><U+093F><U+0924> <U+0915><U+0930><U+0924><U+0940> <U+0930><U+0939><U+0947><U+0902><U+0917><U+0940> |",FALSE,809,"AmitShah",2017-02-19 02:20:28,FALSE,"833138622073290753","833139157253898240","1447949844","<a href=""http://twitter.com/download/android"" rel=""nofollow"">Twitter for Android</a>","AmitShah",298,FALSE,FALSE,NA,NA
"<U+0905><U+092A><U+094D><U+0930><U+0924><U+093F><U+092E> <U+0936><U+0942><U+0930><U+0935><U+0940><U+0930>, <U+092E><U+0939><U+093E><U+0928> <U+092A><U+0930><U+093E><U+0915><U+094D><U+0930><U+092E><U+0940> <U+092F><U+094B><U+0926><U+094D><U+0927><U+093E> <U+090F><U+0935><U+0902> <U+090F><U+0915> <U+0927><U+0930><U+094D><U+092E><U+0938><U+0902><U+0938><U+094D><U+0925><U+093E><U+092A><U+0915> <U+0930><U+093E><U+091C><U+093E> <U+091B><U+0924><U+094D><U+0930><U+092A><U+0924><U+093F> <U+0936><U+093F><U+0935><U+093E><U+091C><U+0940> <U+092E><U+0939><U+093E><U+0930><U+093E><U+091C> <U+0915><U+0940> <U+091C><U+092F><U+0902><U+0924><U+0940> <U+0915><U+0947> <U+092A><U+093E><U+0935><U+0928> <U+092A><U+0930><U+094D><U+0935> <U+092A><U+0930> <U+0909><U+0928><U+094D><U+0939><U+0947><U+0902><U+2026> https://t.co/5BjKBjMDzF",FALSE,2093,NA,2017-02-19 02:18:21,TRUE,NA,"833138622073290753",NA,"<a href=""http://twitter.com/download/android"" rel=""nofollow"">Twitter for Android</a>","AmitShah",624,FALSE,FALSE,NA,NA
"<U+0924><U+0940><U+0938><U+0930><U+0947> <U+091A><U+0930><U+0923> <U+0915><U+0947> <U+0938><U+092D><U+0940> <U+092E><U+0924><U+0926><U+093E><U+0924><U+093E><U+0913><U+0902> <U+0938><U+0947> <U+0905><U+092A><U+0940><U+0932> <U+0915><U+0930><U+0924><U+093E> <U+0939><U+0942><U+0901> <U+0915><U+093F> <U+0926><U+0936><U+0915><U+094B><U+0902> <U+0938><U+0947> <U+0935><U+093F><U+0915><U+093E><U+0938> <U+0938><U+0947> <U+0935><U+0902><U+091A><U+093F><U+0924> <U+0909>.<U+092A><U+094D><U+0930> <U+0915><U+094B> <U+0935><U+093F><U+0915><U+093E><U+0938><U+092A><U+0925> <U+092A><U+0930> <U+0932><U+093E> <U+0938><U+0915><U+0947> <U+0910><U+0938><U+0940> <U+0938><U+0930><U+0915><U+093E><U+0930> <U+092C><U+0928><U+093E><U+0928><U+0947> <U+0915><U+0947> <U+0932><U+093F><U+090F> <U+092E><U+0924><U+0926><U+093E><U+0928> <U+0905><U+0935><U+0936><U+094D><U+092F> <U+0915><U+0930><U+0947><U+0902> |",FALSE,2708,NA,2017-02-19 02:07:00,FALSE,NA,"833135769237733376",NA,"<a href=""http://twitter.com/download/android"" rel=""nofollow"">Twitter for Android</a>","AmitShah",835,FALSE,FALSE,NA,NA
"<U+092E><U+0948><U+0902> <U+0909><U+0924><U+094D><U+0924><U+0930> <U+092A><U+094D><U+0930><U+0926><U+0947><U+0936> <U+092E><U+0947><U+0902> <U+091C><U+0939><U+093E><U+0902>-<U+091C><U+0939><U+093E><U+0902> <U+091C><U+093E> <U+0930><U+0939><U+093E> <U+0939><U+0942><U+0901> <U+0935><U+0939><U+093E><U+0902> <U+092C><U+0938> <U+0915><U+0947><U+0938><U+0930><U+093F><U+092F><U+093E> <U+0930><U+0902><U+0917> <U+0915><U+093E> <U+0938><U+0948><U+0932><U+093E><U+092C> <U+0926><U+093F><U+0916> <U+0930><U+0939><U+093E> <U+0939><U+0948>, <U+0909>.<U+092A><U+094D><U+0930> <U+092E><U+0947><U+0902> <U+092D><U+093E><U+091C><U+092A><U+093E> <U+0915><U+0940> <U+0926><U+094B> <U+0924><U+093F><U+0939><U+093E><U+0908> <U+092C><U+0939><U+0941><U+092E><U+2026> https://t.co/geyxJAQHCN",FALSE,3570,NA,2017-02-18 14:36:47,TRUE,NA,"832962067820924933",NA,"<a href=""http://twitter.com"" rel=""nofollow"">Twitter Web Client</a>","AmitShah",1078,FALSE,FALSE,NA,NA
"<U+0906><U+091C> <U+0917><U+094B><U+0930><U+0916><U+092A><U+0941><U+0930> <U+092E><U+0947><U+0902> @spmrfoundation <U+0926><U+094D><U+0935><U+093E><U+0930><U+093E> <U+0928><U+0930><U+0947><U+0902><U+0926><U+094D><U+0930> <U+092E><U+094B><U+0926><U+0940> <U+0938><U+0930><U+0915><U+093E><U+0930> <U+0915><U+0940> <U+092F><U+094B><U+091C><U+0928><U+093E><U+0913><U+0902>, <U+0928><U+0940><U+0924><U+093F><U+092F><U+094B><U+0902> <U+090F><U+0935><U+0902> <U+0918><U+094B><U+0937><U+0923><U+093E><U+0913><U+0902> <U+092A><U+0930> <U+0906><U+0927><U+093E><U+0930><U+093F><U+0924> <U+092A><U+0941><U+0938><U+094D><U+0924><U+0915> <U+201C><U+092A><U+0930><U+093F><U+0935><U+0930><U+094D><U+0924><U+0928><U+2026> https://t.co/VCiCyKEzmT",FALSE,1324,NA,2017-02-18 13:01:32,TRUE,NA,"832938100179554305",NA,"<a href=""http://twitter.com"" rel=""nofollow"">Twitter Web Client</a>","AmitShah",447,FALSE,FALSE,NA,NA
"Glimpses of public meeting in Rudauli, Faizabad (Uttar Pradesh). https://t.co/hxkMo3fBxs",FALSE,1232,NA,2017-02-18 12:45:22,FALSE,NA,"832934029376815104",NA,"<a href=""http://twitter.com"" rel=""nofollow"">Twitter Web Client</a>","AmitShah",385,FALSE,FALSE,NA,NA
"<U+0909>.<U+092A><U+094D><U+0930> <U+092E><U+0947><U+0902> <U+092D><U+093E><U+091C><U+092A><U+093E> <U+0938><U+0930><U+0915><U+093E><U+0930> <U+092C><U+0928><U+0928><U+0947> <U+0915><U+0947> <U+092C><U+093E><U+0926> <U+091B><U+094B><U+091F><U+0947> <U+0915><U+093F><U+0938><U+093E><U+0928><U+094B><U+0902> <U+0915><U+093E> <U+0915><U+0930><U+094D><U+091C> <U+092E><U+093E><U+092B> <U+0915><U+093F><U+092F><U+093E> <U+091C><U+093E><U+090F><U+0917><U+093E>,<U+092C><U+093F><U+0928><U+093E> <U+092C><U+094D><U+092F><U+093E><U+091C> <U+0915><U+093E> <U+0915><U+0930><U+094D><U+091C> <U+0926><U+093F><U+092F><U+093E> <U+091C><U+093E><U+090F><U+0917><U+093E> <U+090F><U+0935><U+0902> <U+0927><U+093E><U+0928> <U+0938><U+092E><U+0930><U+094D><U+0925><U+0928><U+2026> https://t.co/wXeeqFi56H",FALSE,1701,NA,2017-02-18 11:55:07,TRUE,NA,"832921384124755970",NA,"<a href=""http://twitter.com"" rel=""nofollow"">Twitter Web Client</a>","AmitShah",551,FALSE,FALSE,NA,NA
"<U+092F><U+0942><U+092A><U+0940> <U+092E><U+0947><U+0902> <U+092D><U+094D><U+0930><U+0937><U+094D><U+091F><U+093E><U+091A><U+093E><U+0930> <U+091A><U+0930><U+092E> <U+092A><U+0930> <U+0939><U+0948>,<U+0939><U+0930> <U+091C><U+0917><U+0939> <U+0918><U+094B><U+091F><U+093E><U+0932><U+0947> <U+0939><U+0940> <U+0918><U+094B><U+091F><U+093E><U+0932><U+0947> <U+0939><U+0948><U+0902> <U+0914><U+0930> <U+0905><U+0916><U+093F><U+0932><U+0947><U+0936> <U+092F><U+093E><U+0926><U+0935> <U+0928><U+0947> <U+090F><U+0915> <U+092C><U+093E><U+0930> <U+092B><U+093F><U+0930> <U+0938><U+0947> <U+0916><U+0928><U+0928> <U+092E><U+093E><U+092B><U+093F><U+092F><U+093E> <U+0915><U+094B> <U+091F><U+093F><U+0915><U+091F> <U+0926><U+0947><U+0915><U+0930> <U+0905><U+2026> https://t.co/NsBV1c3cVz",FALSE,2387,NA,2017-02-18 10:54:46,TRUE,NA,"832906195891531776",NA,"<a href=""http://twitter.com"" rel=""nofollow"">Twitter Web Client</a>","AmitShah",697,FALSE,FALSE,NA,NA
"<U+091C><U+0939><U+093E><U+0901> <U+090F><U+0915> <U+0924><U+0930><U+092B> <U+092E><U+094B><U+0926><U+0940> <U+0938><U+0930><U+0915><U+093E><U+0930> <U+0917><U+0930><U+0940><U+092C>,<U+0915><U+093F><U+0938><U+093E><U+0928>,<U+0926><U+0932><U+093F><U+0924>,<U+0936><U+094B><U+0937><U+093F><U+0924> <U+0938><U+092C><U+0915><U+0947> <U+0932><U+093F><U+090F> <U+092F><U+094B><U+091C><U+0928><U+093E><U+090F><U+0902> <U+0932><U+0947><U+0915><U+0930> <U+0906><U+0908> <U+0935><U+0939><U+0940><U+0901> <U+0909>.<U+092A><U+094D><U+0930> <U+0915><U+0940> <U+0905><U+0916><U+093F><U+0932><U+0947><U+0936> <U+0938><U+0930><U+0915><U+093E><U+0930> <U+0928><U+0947> 5<U+0938><U+093E><U+0932> <U+092C><U+0938> <U+091C><U+093E><U+0924><U+093F>-<U+0927><U+2026> https://t.co/MBkBudGk80",FALSE,2490,NA,2017-02-18 09:47:27,TRUE,NA,"832889256045641728",NA,"<a href=""http://twitter.com"" rel=""nofollow"">Twitter Web Client</a>","AmitShah",702,FALSE,FALSE,NA,NA
"Pictures of public meeting in Khalilabad, Sant Kabir Nagar (Uttar Pradesh). https://t.co/3ORrzUhPLK",FALSE,2009,NA,2017-02-17 14:55:51,FALSE,NA,"832604476997566464",NA,"<a href=""http://twitter.com/download/android"" rel=""nofollow"">Twitter for Android</a>","AmitShah",497,FALSE,FALSE,NA,NA
"<U+091C><U+093F><U+0938> <U+0926><U+093F><U+0928> <U+092D><U+093E><U+091C><U+092A><U+093E> <U+0915><U+093E> <U+092E><U+0941><U+0916><U+094D><U+092F><U+092E><U+0902><U+0924><U+094D><U+0930><U+0940> <U+0909><U+0924><U+094D><U+0924><U+0930> <U+092A><U+094D><U+0930><U+0926><U+0947><U+0936> <U+092E><U+0947><U+0902> <U+0936><U+092A><U+0924> <U+0932><U+0947><U+0917><U+093E> <U+0909><U+0938><U+0940> <U+0926><U+093F><U+0928> <U+0930><U+093E><U+0924> <U+0915><U+094B> 12 <U+092C><U+091C><U+0947> <U+0938><U+0947> <U+092A><U+0939><U+0932><U+0947> <U+092A><U+094D><U+0930><U+0926><U+0947><U+0936> <U+0915><U+0947> <U+0938><U+092D><U+0940> <U+092F><U+093E><U+0902><U+0924><U+094D><U+0930><U+093F><U+0915> <U+0915><U+0924><U+094D><U+0932><U+0916><U+093E><U+2026> https://t.co/e09Fdt955K",FALSE,4473,NA,2017-02-17 12:55:14,TRUE,NA,"832574126879547394",NA,"<a href=""http://twitter.com"" rel=""nofollow"">Twitter Web Client</a>","AmitShah",1552,FALSE,FALSE,NA,NA
"<U+0939><U+092E><U+0928><U+0947> <U+0905><U+092A><U+0928><U+0947> <U+2018><U+0932><U+094B><U+0915> <U+0915><U+0932><U+094D><U+092F><U+093E><U+0923> <U+0938><U+0902><U+0915><U+0932><U+094D><U+092A> <U+092A><U+0924><U+094D><U+0930>' <U+092E><U+0947><U+0902> <U+0905><U+0917><U+0932><U+0947> <U+092A><U+093E><U+0902><U+091A> <U+0938><U+093E><U+0932><U+094B><U+0902> <U+092E><U+0947><U+0902> <U+0909><U+0924><U+094D><U+0924><U+0930> <U+092A><U+094D><U+0930><U+0926><U+0947><U+0936> <U+0915><U+0947> 70 <U+0932><U+093E><U+0916> <U+092F><U+0941><U+0935><U+093E><U+0913><U+0902> <U+0915><U+094B> <U+0930><U+094B><U+091C><U+0917><U+093E><U+0930> <U+0926><U+0947><U+0928><U+0947> <U+0915><U+0940> <U+0935><U+094D><U+092F><U+0935><U+0938><U+094D><U+0925><U+093E><U+2026> https://t.co/zPlOu3pr7r",FALSE,1577,NA,2017-02-17 12:45:47,TRUE,NA,"832571747471917057",NA,"<a href=""http://twitter.com"" rel=""nofollow"">Twitter Web Client</a>","AmitShah",516,FALSE,FALSE,NA,NA
"Addressed a public meeting in Bhognipur (Kanpur rural). https://t.co/W3WuU5kRdn",FALSE,1349,NA,2017-02-10 12:25:15,FALSE,NA,"830029865365680128",NA,"<a href=""http://twitter.com/download/android"" rel=""nofollow"">Twitter for Android</a>","AmitShah",351,FALSE,FALSE,NA,NA
"<U+0938><U+092D><U+0940> <U+0915><U+094B> <U+0938><U+0902><U+0924> <U+0930><U+0935><U+093F><U+0926><U+093E><U+0938> <U+091C><U+092F><U+0902><U+0924><U+0940> <U+0915><U+0940> <U+0939><U+093E><U+0930><U+094D><U+0926><U+093F><U+0915> <U+0936><U+0941><U+092D><U+0915><U+093E><U+092E><U+0928><U+093E><U+090F><U+0902> | https://t.co/BgYA0KO7P0",FALSE,2757,NA,2017-02-10 02:18:54,FALSE,NA,"829877272253440000",NA,"<a href=""http://twitter.com/download/android"" rel=""nofollow"">Twitter for Android</a>","AmitShah",599,FALSE,FALSE,NA,NA
"<U+0930><U+093E><U+0939><U+0941><U+0932> <U+0917><U+093E><U+0902><U+0927><U+0940> <U+0936><U+093E><U+092F><U+0926> <U+0906><U+092A> <U+092D><U+0942><U+0932> <U+0917><U+090F> <U+091C><U+092C> <U+092E><U+0928><U+092E><U+094B><U+0939><U+0928> <U+0938><U+093F><U+0902><U+0939> <U+091C><U+0940> <U+0915><U+093E> <U+0932><U+093E><U+092F><U+093E> <U+0939><U+0941><U+0906> <U+0905><U+0927><U+094D><U+092F><U+093E><U+0926><U+0947><U+0936> <U+092A><U+094D><U+0930><U+0947><U+0938> <U+0915><U+093E><U+0902><U+092B><U+094D><U+0930><U+0947><U+0902><U+0938> <U+092E><U+0947><U+0902> <U+092B><U+093E><U+0921><U+093C> <U+0915><U+0930> <U+092A><U+094D><U+0930><U+0927><U+093E><U+0928><U+092E><U+0902><U+0924><U+094D><U+0930><U+0940> <U+0915><U+093E> <U+0905><U+092A><U+092E><U+093E><U+0928> <U+0906><U+092A><U+0928><U+0947> <U+0938><U+094D><U+0935><U+092F><U+0902> <U+0915><U+093F><U+092F><U+093E> <U+0925><U+093E> |",FALSE,1348,"AmitShah",2017-02-09 14:40:33,FALSE,"829701322001768448","829701524305674241","1447949844","<a href=""http://twitter.com/download/android"" rel=""nofollow"">Twitter for Android</a>","AmitShah",603,FALSE,FALSE,NA,NA
"<U+0930><U+093E><U+0939><U+0941><U+0932> <U+0917><U+093E><U+0902><U+0927><U+0940> <U+0936><U+093E><U+092F><U+0926> <U+092D><U+0942><U+0932> <U+0917><U+090F> <U+0909><U+0928><U+0915><U+0940> <U+092E><U+093E><U+0924><U+093E><U+091C><U+0940> <U+0928><U+0947> <U+092E><U+094B><U+0926><U+0940> <U+091C><U+0940> <U+0915><U+0947> <U+0932><U+093F><U+090F> <U+0915><U+093F><U+0928> <U+0936><U+092C><U+094D><U+0926><U+094B><U+0902> <U+0915><U+093E> <U+092A><U+094D><U+0930><U+092F><U+094B><U+0917> <U+0915><U+093F><U+092F><U+093E> <U+0925><U+093E> <U+0914><U+0930> <U+0938><U+0930><U+094D><U+091C><U+093F><U+0915><U+0932> <U+0938><U+094D><U+091F><U+094D><U+0930><U+093E><U+0907><U+0915> <U+0915><U+0947> <U+092C><U+093E><U+0926> <U+0930><U+093E><U+0939><U+0941><U+0932> <U+0917><U+093E><U+0902><U+0927><U+0940> <U+0928><U+0947> <U+0915><U+094D><U+092F><U+093E> <U+092C><U+094B><U+0932><U+093E> <U+0925><U+093E>?",FALSE,2588,NA,2017-02-09 14:39:44,FALSE,NA,"829701322001768448",NA,"<a href=""http://twitter.com/download/android"" rel=""nofollow"">Twitter for Android</a>","AmitShah",947,FALSE,FALSE,NA,NA
"<U+0915><U+093E><U+0902><U+0917><U+094D><U+0930><U+0947><U+0938> <U+0915><U+0939> <U+0930><U+0939><U+0940> <U+0939><U+0948><U+0902> <U+0915><U+093F> <U+092E><U+094B><U+0926><U+0940> <U+091C><U+0940> <U+0915><U+094B> <U+0910><U+0938><U+093E> <U+0928><U+0939><U+0940><U+0902> <U+092C><U+094B><U+0932><U+0928><U+093E> <U+091A><U+093E><U+0939><U+093F><U+090F>,<U+0915><U+093E><U+0902><U+0917><U+094D><U+0930><U+0947><U+0938> <U+092A><U+0939><U+0932><U+0947> <U+0905><U+092A><U+0928><U+093E> <U+0917><U+093F><U+0930><U+0947><U+092C><U+093E><U+0901> <U+092E><U+0947><U+0902> <U+091D><U+093E><U+0901><U+0915><U+0947> <U+0915><U+093F> <U+0909><U+0928><U+094D><U+0939><U+094B><U+0902><U+0928><U+0947> <U+0915><U+094D><U+092F><U+093E>-<U+0915><U+094D><U+092F><U+093E> <U+0928><U+0939><U+0940><U+0902> <U+092C><U+094B><U+0932><U+093E> <U+0939><U+0948> <U+092E><U+094B><U+0926><U+0940> <U+091C><U+0940> <U+0915><U+094B> |",FALSE,1126,"AmitShah",2017-02-09 14:38:40,FALSE,"829700963250356225","829701051691458561","1447949844","<a href=""http://twitter.com/download/android"" rel=""nofollow"">Twitter for Android</a>","AmitShah",456,FALSE,FALSE,NA,NA
"<U+092E><U+094B><U+0926><U+0940> <U+091C><U+0940> <U+0928><U+0947> <U+0938><U+0926><U+0928> <U+092E><U+0947><U+0902> <U+0915><U+0941><U+091B> <U+092D><U+0940> <U+0917><U+0932><U+0924> <U+0928><U+0939><U+0940><U+0902> <U+0915><U+0939><U+093E> <U+0939><U+0948>,12<U+0932><U+093E><U+0916> <U+0915><U+0930><U+094B><U+0921><U+093C> <U+0930><U+0941><U+092A><U+092F><U+0947> <U+0915><U+0947> <U+0918><U+094B><U+091F><U+093E><U+0932><U+0947> <U+0915><U+0940> <U+091C><U+093C><U+093F><U+092E><U+094D><U+092E><U+0947><U+0926><U+093E><U+0930><U+0940> <U+092F><U+0926><U+093F> <U+0915><U+093F><U+0938><U+0940> <U+0915><U+0940> <U+0939><U+0948> <U+0924><U+094B> <U+0935><U+0939> <U+0936><U+094D><U+0930><U+0940> <U+092E><U+0928><U+092E><U+094B><U+0939><U+0928> <U+0938><U+093F><U+0902><U+0939> <U+0914><U+0930> <U+0915><U+093E><U+0902><U+0917><U+094D><U+0930><U+0947><U+0938> <U+0915><U+0940> <U+0939><U+0948>",FALSE,2385,NA,2017-02-09 14:38:19,FALSE,NA,"829700963250356225",NA,"<a href=""http://twitter.com/download/android"" rel=""nofollow"">Twitter for Android</a>","AmitShah",886,FALSE,FALSE,NA,NA
"<U+0909><U+0924><U+094D><U+0924><U+0930><U+093E><U+0916><U+0902><U+0921> <U+092E><U+0947><U+0902> <U+092D><U+093E><U+091C><U+092A><U+093E> <U+0938><U+0930><U+0915><U+093E><U+0930> <U+092C><U+0928><U+0928><U+0947> <U+092A><U+0930> <U+0915><U+093F><U+0938><U+093E><U+0928><U+094B><U+0902> <U+0915><U+094B> <U+092A><U+0939><U+093E><U+0921><U+093C><U+094B><U+0902> <U+092A><U+0930> <U+091C><U+0921><U+093C><U+0940>-<U+092C><U+0942><U+091F><U+093F><U+092F><U+093E><U+0901> <U+092C><U+094B><U+0928><U+0947> <U+0915><U+0947> <U+0932><U+093F><U+090F> <U+092A><U+094D><U+0930><U+0947><U+0930><U+093F><U+0924> <U+0915><U+093F><U+092F><U+093E> <U+091C><U+093E><U+090F><U+0917><U+093E> <U+0914><U+0930> <U+0907><U+0938><U+0915><U+0940> <U+092E><U+093E><U+0930><U+094D><U+0915><U+0947><U+091F><U+093F><U+0902><U+0917> <U+0915><U+0940> <U+0935><U+094D><U+092F><U+0935><U+0938><U+094D><U+0925><U+093E> <U+0915><U+0940> <U+091C><U+093E><U+090F><U+0917><U+0940>|",FALSE,752,"AmitShah",2017-02-09 14:36:04,FALSE,"829699986216607744","829700399061925890","1447949844","<a href=""http://twitter.com/download/android"" rel=""nofollow"">Twitter for Android</a>","AmitShah",253,FALSE,FALSE,NA,NA
"<U+092F><U+0939> <U+0915><U+093E><U+0902><U+0917><U+094D><U+0930><U+0947><U+0938> <U+0939><U+0940> <U+0939><U+0948> <U+091C><U+093F><U+0938><U+0928><U+0947> <U+092A><U+0939><U+0932><U+0947> <U+0928><U+093E> <U+0909><U+0924><U+094D><U+0924><U+0930><U+093E><U+0916><U+0902><U+0921> <U+0915><U+093E> <U+0928><U+093F><U+0930><U+094D><U+092E><U+093E><U+0923> <U+0939><U+094B><U+0928><U+0947> <U+0926><U+093F><U+092F><U+093E> <U+0914><U+0930> <U+0928><U+093E> <U+0939><U+0940> <U+0905><U+092C> <U+092F><U+0939><U+093E><U+0901> <U+0935><U+093F><U+0915><U+093E><U+0938> <U+0939><U+094B><U+0928><U+0947> <U+0926><U+0947> <U+0930><U+0939><U+0940> <U+0939><U+0948>,<U+092A><U+0930> <U+0939><U+092E> <U+092F><U+0939><U+093E><U+0901> <U+0915><U+0947><U+2026> https://t.co/5I0EcBF4MT",FALSE,1389,NA,2017-02-09 14:34:26,TRUE,NA,"829699986216607744",NA,"<a href=""http://twitter.com/download/android"" rel=""nofollow"">Twitter for Android</a>","AmitShah",410,FALSE,FALSE,NA,NA
"<U+0915><U+093E><U+0902><U+0917><U+094D><U+0930><U+0947><U+0938> <U+0928><U+0947> <U+0926><U+0947><U+0935><U+092D><U+0942><U+092E><U+093F> <U+0915><U+0940> <U+0910><U+0938><U+0940> <U+091B><U+0935><U+093F> <U+092C><U+0928><U+093E> <U+0926><U+0940> <U+0915><U+093F> <U+091C><U+0948><U+0938><U+0947> <U+092F><U+0939><U+093E><U+0901> <U+0935><U+093F><U+0915><U+093E><U+0938> <U+0939><U+094B> <U+0939><U+0940> <U+0928><U+0939><U+0940><U+0902> <U+0938><U+0915><U+0924><U+093E>,<U+0939><U+0930><U+0940><U+0936> <U+0930><U+093E><U+0935><U+0924> <U+0928><U+0947> <U+0935><U+093F><U+0915><U+093E><U+0938> <U+0915><U+094B> <U+092A><U+094D><U+0930><U+0926><U+0947><U+0936> <U+0938><U+0947> <U+0926><U+0942><U+0930> <U+0930><U+0916> <U+092D><U+094D><U+0930><U+2026> https://t.co/6bUQ3Gk1rl",FALSE,1744,NA,2017-02-09 13:03:17,TRUE,NA,"829677048159432705",NA,"<a href=""http://twitter.com/download/android"" rel=""nofollow"">Twitter for Android</a>","AmitShah",515,FALSE,FALSE,NA,NA
"<U+0910><U+0938><U+0947> <U+0935><U+093F><U+0936><U+093E><U+0932> <U+091C><U+0928><U+0938><U+092E><U+0930><U+094D><U+0925><U+0928> <U+0915><U+0947> <U+0932><U+093F><U+090F> <U+092E><U+0948><U+0902> <U+091F><U+093F><U+0939><U+0930><U+0940> <U+0915><U+0940> <U+091C><U+0928><U+0924><U+093E> <U+0915><U+093E> <U+0939><U+0943><U+0926><U+092F> <U+0938><U+0947> <U+0906><U+092D><U+093E><U+0930> <U+0935><U+094D><U+092F><U+0915><U+094D><U+0924> <U+0915><U+0930><U+0924><U+093E> <U+0939><U+0942><U+0901>, <U+0906><U+092A><U+0915><U+0947> <U+0938><U+0939><U+092F><U+094B><U+0917> <U+0938><U+0947> <U+0926><U+0947><U+0935><U+092D><U+0942><U+092E><U+093F> <U+092E><U+0947><U+0902> <U+0935><U+093F><U+0915><U+093E><U+0938><U+0936><U+0940><U+0932> <U+092D><U+093E><U+091C><U+2026> https://t.co/0VBWbKaEjh",FALSE,1766,NA,2017-02-09 10:29:54,TRUE,NA,"829638448185278464",NA,"<a href=""http://twitter.com/download/android"" rel=""nofollow"">Twitter for Android</a>","AmitShah",527,FALSE,FALSE,NA,NA
"14<U+0926><U+093F><U+0928><U+094B><U+0902> <U+0915><U+0947> <U+0905><U+0902><U+0926><U+0930> <U+0939><U+0940> <U+0917><U+0928><U+094D><U+0928><U+093E> <U+0915><U+093F><U+0938><U+093E><U+0928><U+094B><U+0902> <U+0915><U+094B> <U+0909><U+0928><U+0915><U+0940> <U+092B><U+0938><U+0932> <U+0915><U+093E> <U+092D><U+0941><U+0917><U+0924><U+093E><U+0928> <U+0915><U+0930> <U+0926><U+093F><U+092F><U+093E> <U+091C><U+093E><U+090F><U+0917><U+093E>,<U+0917><U+0928><U+094D><U+0928><U+093E> <U+0915><U+093F><U+0938><U+093E><U+0928><U+094B><U+0902> <U+0915><U+094B> <U+092A><U+0947><U+092E><U+0947><U+0902><U+091F> <U+092E><U+0947><U+0902> <U+0939><U+094B><U+0928><U+0947> <U+0935><U+093E><U+0932><U+0940> <U+0926><U+0947><U+0930><U+0940> <U+0915><U+093E> <U+092C><U+094D><U+092F><U+093E><U+091C> <U+092A><U+094D><U+0930><U+0926><U+0947><U+0936> <U+0938><U+0930><U+0915><U+093E><U+0930> <U+092D><U+0930><U+0947><U+0917><U+0940>|",FALSE,964,"AmitShah",2017-02-08 14:41:22,FALSE,"829339308750368768","829339341759475712","1447949844","<a href=""http://twitter.com"" rel=""nofollow"">Twitter Web Client</a>","AmitShah",378,FALSE,FALSE,NA,NA
"<U+0926><U+0947><U+0936><U+092D><U+0930> <U+0915><U+0947> <U+0915><U+093F><U+0938><U+093E><U+0928> <U+091A><U+094C>.<U+091A><U+0930><U+0923> <U+0938><U+093F><U+0902><U+0939> <U+091C><U+0940> <U+0915><U+0947> <U+0938><U+0902><U+0918><U+0930><U+094D><U+0937> <U+0915><U+0947> <U+090B><U+0923><U+0940> <U+0939><U+0948>,<U+092D><U+093E><U+091C><U+092A><U+093E> <U+2018><U+091A><U+094C><U+0927><U+0930><U+0940> <U+091A><U+0930><U+0923> <U+0938><U+093F><U+0902><U+0939> <U+0917><U+0928><U+094D><U+0928><U+093E> <U+0915><U+093F><U+0938><U+093E><U+0928> <U+092D><U+0941><U+0917><U+0924><U+093E><U+0928> <U+092F><U+094B><U+091C><U+0928><U+093E><U+2019> <U+0915><U+0947> <U+0928><U+093E><U+092E> <U+0938><U+0947> <U+20B9>800 <U+0915><U+0930><U+094B><U+0921><U+093C> <U+0915><U+0947> <U+092C><U+091C><U+091F> <U+0938><U+0947> <U+092B><U+0902><U+0921> <U+092C><U+0928><U+093E><U+092F><U+0947><U+0917><U+0940>",FALSE,2015,NA,2017-02-08 14:41:14,FALSE,NA,"829339308750368768",NA,"<a href=""http://twitter.com"" rel=""nofollow"">Twitter Web Client</a>","AmitShah",591,FALSE,FALSE,NA,NA
"<U+090F><U+0915> <U+0924><U+0930><U+092B> <U+092D><U+094D><U+0930><U+0937><U+094D><U+091F><U+093E><U+091A><U+093E><U+0930> <U+092E><U+0947><U+0902> <U+0906><U+0915><U+0902><U+0920> <U+0921><U+0942><U+092C><U+0940> <U+092A><U+093E><U+0930><U+094D><U+091F><U+093F><U+092F><U+093E><U+0901> <U+0905><U+092A><U+0928><U+0947> <U+0905><U+0938><U+094D><U+0924><U+093F><U+0924><U+094D><U+0924><U+094D><U+0935> <U+0915><U+0940> <U+0932><U+0921><U+093C><U+093E><U+0908> <U+0932><U+0921><U+093C> <U+0930><U+0939><U+0940> <U+0939><U+0948><U+0902> <U+0935><U+0939><U+0940><U+0902> <U+0926><U+0942><U+0938><U+0930><U+0940> <U+0913><U+0930> <U+092E><U+094B><U+0926><U+0940> <U+0938><U+0930><U+0915><U+093E><U+0930> <U+091C><U+0928><U+0924><U+093E> <U+0915><U+0940> <U+092D><U+0932><U+093E><U+0908> <U+0915><U+0947> <U+0932><U+093F><U+090F> <U+0905><U+0928><U+0935><U+0930><U+0924> <U+0915><U+093E><U+0930><U+094D><U+092F><U+0930><U+0924> <U+0939><U+0948>",FALSE,867,"AmitShah",2017-02-08 14:40:38,FALSE,"829338992801783808","829339158510309376","1447949844","<a href=""http://twitter.com"" rel=""nofollow"">Twitter Web Client</a>","AmitShah",336,FALSE,FALSE,NA,NA
"<U+092C><U+0921><U+094C><U+0924>(<U+092C><U+093E><U+0917><U+092A><U+0924>) <U+092E><U+0947><U+0902> <U+091C><U+0928><U+0938><U+092D><U+093E> <U+0915><U+094B> <U+0938><U+0902><U+092C><U+094B><U+0927><U+093F><U+0924> <U+0915><U+093F><U+092F><U+093E>, <U+0905><U+0916><U+093F><U+0932><U+0947><U+0936> <U+092F><U+093E><U+0926><U+0935> <U+0915><U+094B> <U+092E><U+093E><U+0932><U+0942><U+092E> <U+092A><U+0921><U+093C> <U+0917><U+092F><U+093E> <U+0939><U+0948> <U+0915><U+093F> <U+0935><U+094B> <U+091A><U+0941><U+0928><U+093E><U+0935> <U+0939><U+093E><U+0930><U+0928><U+0947> <U+0935><U+093E><U+0932><U+0947> <U+0939><U+0948><U+0902> <U+0907><U+0938><U+0932><U+093F><U+090F> <U+0909><U+0928><U+094D><U+0939><U+094B><U+0902><U+0928><U+0947><U+2026> https://t.co/KqNpjGaawI",FALSE,2422,NA,2017-02-08 14:39:58,TRUE,NA,"829338992801783808",NA,"<a href=""http://twitter.com"" rel=""nofollow"">Twitter Web Client</a>","AmitShah",607,FALSE,FALSE,NA,NA
"<U+0909><U+0924><U+094D><U+0924><U+0930> <U+092A><U+094D><U+0930><U+0926><U+0947><U+0936> <U+0915><U+0947> <U+0915><U+093F><U+0938><U+093E><U+0928><U+094B><U+0902> <U+0915><U+094B> <U+0906><U+0932><U+0942> <U+0915><U+093E> <U+0926><U+093E><U+092E> <U+0928><U+0939><U+0940><U+0902> <U+092E><U+093F><U+0932><U+0924><U+093E> <U+0939><U+0948>, <U+0907><U+0938><U+0932><U+093F><U+090F> <U+092D><U+093E><U+091C><U+092A><U+093E> <U+0938><U+0930><U+0915><U+093E><U+0930> <U+092C><U+0928><U+0928><U+0947> <U+0915><U+0947> <U+092C><U+093E><U+0926> <U+0938><U+0930><U+0915><U+093E><U+0930> <U+0906><U+0932><U+0942> <U+0915><U+093E> <U+0938><U+092E><U+0930><U+094D><U+0925><U+0928> <U+092E><U+0942><U+0932><U+094D><U+092F> <U+0926><U+0947><U+0915><U+0930> <U+0915><U+093F><U+0938><U+093E><U+0928><U+094B><U+0902> <U+0938><U+0947> <U+0906><U+0932><U+0942> <U+0916><U+0930><U+0940><U+0926><U+0947><U+0917><U+0940> |",FALSE,779,"AmitShah",2017-02-08 13:01:48,FALSE,"829313229474103298","829314285125959680","1447949844","<a href=""http://twitter.com"" rel=""nofollow"">Twitter Web Client</a>","AmitShah",336,FALSE,FALSE,NA,NA
"<U+0909>.<U+092A><U+094D><U+0930> <U+092E><U+0947><U+0902> <U+0928><U+093E> <U+0915><U+093F><U+0938><U+093E><U+0928><U+094B><U+0902> <U+0915><U+094B> <U+0917><U+0928><U+094D><U+0928><U+0947> <U+0915><U+093E> <U+0926><U+093E><U+092E> <U+092E><U+093F><U+0932><U+0924><U+093E> <U+0939><U+0948> <U+0914><U+0930> <U+0928><U+093E> <U+092E><U+0939><U+093F><U+0932><U+093E><U+0913><U+0902> <U+0915><U+094B> <U+0938><U+0941><U+0930><U+0915><U+094D><U+0937><U+093E> <U+092F><U+0939> <U+0910><U+0938><U+0940> <U+0938><U+0930><U+0915><U+093E><U+0930> <U+0939><U+0948> <U+091C><U+093F><U+0938><U+0928><U+0947> <U+0917><U+0941><U+0902><U+0921><U+093E><U+0930><U+093E><U+091C> <U+0914><U+0930> <U+092D><U+094D><U+0930><U+0937><U+094D><U+091F><U+093E><U+091A><U+093E><U+0930><U+2026> https://t.co/xwSXBNdWmU",FALSE,1943,NA,2017-02-08 12:57:36,TRUE,NA,"829313229474103298",NA,"<a href=""http://twitter.com"" rel=""nofollow"">Twitter Web Client</a>","AmitShah",554,FALSE,FALSE,NA,NA
"<U+0938><U+093E><U+0926><U+093E><U+092C><U+093E><U+0926> <U+091C><U+0928><U+0938><U+092D><U+093E>: <U+0909>.<U+092A><U+094D><U+0930> <U+092E><U+0947><U+0902> <U+0938><U+092A><U+093E> <U+0928><U+0947> <U+0927><U+0930><U+094D><U+092E> <U+0914><U+0930> <U+091C><U+093E><U+0924><U+093F> <U+0915><U+0947> <U+0906><U+0927><U+093E><U+0930> <U+092A><U+0930> <U+092F><U+0941><U+0935><U+093E><U+0913><U+0902> <U+0915><U+0947> <U+0938><U+093E><U+0925> <U+0905><U+0928><U+094D><U+092F><U+093E><U+092F> <U+0915><U+093F><U+092F><U+093E> <U+0939><U+0948>,<U+0939><U+092E> <U+091C><U+093E><U+0924><U+093F>-<U+0927><U+0930><U+094D><U+092E> <U+092A><U+0942><U+091B><U+0947> <U+092C><U+093F><U+0928><U+093E> <U+092F><U+0941><U+0935><U+093E><U+0913><U+0902><U+2026> https://t.co/Xs4SGsob8g",FALSE,2286,NA,2017-02-08 10:19:44,TRUE,NA,"829273500133257216",NA,"<a href=""http://twitter.com"" rel=""nofollow"">Twitter Web Client</a>","AmitShah",620,FALSE,FALSE,NA,NA
"Glimpses of public meeting in Ramnagar, Uttarakhand. https://t.co/aQYhBmBLM9",FALSE,1655,NA,2017-02-07 14:30:14,FALSE,NA,"828974153311023105",NA,"<a href=""http://twitter.com"" rel=""nofollow"">Twitter Web Client</a>","AmitShah",436,FALSE,FALSE,NA,NA
"<U+092A><U+094C><U+0921><U+093C><U+0940> <U+0915><U+0940> <U+0938><U+092D><U+093E> <U+092E><U+0947><U+0902> <U+0932><U+094B><U+0917><U+094B><U+0902> <U+092E><U+0947><U+0902> <U+092D><U+093E><U+091C><U+092A><U+093E> <U+0915><U+0947> <U+0932><U+093F><U+092F><U+0947> <U+092F><U+0939> <U+0909><U+0924><U+094D><U+0938><U+093E><U+0939> <U+0914><U+0930> <U+0938><U+092E><U+0930><U+094D><U+0925><U+0928> <U+0909><U+0924><U+094D><U+0924><U+0930><U+093E><U+0916><U+0902><U+0921> <U+0938><U+0947> <U+092D><U+094D><U+0930><U+0937><U+094D><U+091F><U+093E><U+091A><U+093E><U+0930> <U+092E><U+0947><U+0902> <U+0921><U+0942><U+092C><U+0940> <U+0939><U+0941><U+0908> <U+0930><U+093E><U+0935><U+0924> <U+0938><U+0930><U+0915><U+093E><U+0930> <U+0915><U+0940> <U+0935><U+093F><U+2026> https://t.co/Ce1NE4LdAs",FALSE,2343,NA,2017-02-07 12:28:36,TRUE,NA,"828943542185709569",NA,"<a href=""http://twitter.com/download/android"" rel=""nofollow"">Twitter for Android</a>","AmitShah",588,FALSE,FALSE,NA,NA
"<U+0918><U+0928><U+0938><U+093E><U+0932><U+0940> <U+091C><U+0928><U+0938><U+092D><U+093E>: <U+0909><U+0924><U+094D><U+0924><U+0930><U+093E><U+0916><U+0902><U+0921> <U+0915><U+0940> <U+091C><U+0928><U+0924><U+093E> <U+0915><U+0947> <U+092A><U+093E><U+0938> <U+092A><U+094D><U+0930><U+0926><U+0947><U+0936> <U+0915><U+0947> <U+0939><U+093E><U+0932><U+093E><U+0924> <U+092C><U+0926><U+0932><U+0928><U+0947> <U+0915><U+093E> <U+090F><U+0915> <U+092E><U+094C><U+0915><U+093E> <U+0939><U+0948>...<U+0938><U+093F><U+0930><U+094D><U+092B> <U+092D><U+093E><U+091C><U+092A><U+093E> <U+0939><U+0940> <U+0907><U+0938> <U+0926><U+0947><U+0935><U+092D><U+0942><U+092E><U+093F> <U+0915><U+094B> <U+0935><U+093F><U+0915><U+093E><U+0938> <U+0915><U+0940><U+2026> https://t.co/GUCfVSZSqJ",FALSE,1282,NA,2017-02-07 10:52:46,TRUE,NA,"828919427739443200",NA,"<a href=""http://twitter.com/download/android"" rel=""nofollow"">Twitter for Android</a>","AmitShah",377,FALSE,FALSE,NA,NA
"<U+0906><U+091C> <U+092E><U+0948><U+0902> <U+0909><U+0924><U+094D><U+0924><U+0930><U+093E><U+0916><U+0902><U+0921> <U+0915><U+0947> <U+0918><U+0928><U+0938><U+093E><U+0932><U+0940>, <U+092A><U+094C><U+0921><U+093C><U+0940> <U+0914><U+0930> <U+0930><U+093E><U+092E><U+0928><U+0917><U+0930> <U+092E><U+0947><U+0902> <U+091C><U+0928><U+0938><U+092D><U+093E><U+0913><U+0902> <U+0915><U+094B> <U+0938><U+0902><U+092C><U+094B><U+0927><U+093F><U+0924> <U+0915><U+0930><U+0942><U+0901><U+0917><U+093E>, <U+0926><U+0947><U+0935><U+092D><U+0942><U+092E><U+093F> <U+0915><U+0947> <U+0938><U+092E><U+094D><U+092A><U+0942><U+0930><U+094D><U+0923> <U+0935><U+093F><U+0915><U+093E><U+0938> <U+0915><U+0947> <U+0932><U+093F><U+090F> <U+092D><U+093E><U+091C><U+092A><U+093E><U+2026> https://t.co/qHKtta8xWo",FALSE,1877,NA,2017-02-07 04:59:56,TRUE,NA,"828830634030292992",NA,"<a href=""http://twitter.com/download/android"" rel=""nofollow"">Twitter for Android</a>","AmitShah",434,FALSE,FALSE,NA,NA
"Pictures of public meeting in Noida (Uttar Pradesh). https://t.co/EDq2MPti66",FALSE,1760,NA,2017-02-05 14:11:04,FALSE,NA,"828244555912863745",NA,"<a href=""http://twitter.com/download/android"" rel=""nofollow"">Twitter for Android</a>","AmitShah",523,FALSE,FALSE,NA,NA
"<U+0909><U+0924><U+094D><U+0924><U+0930> <U+092A><U+094D><U+0930><U+0926><U+0947><U+0936> <U+0915><U+0940> <U+091C><U+0928><U+0924><U+093E> <U+0917><U+0941><U+0902><U+0921><U+093E><U+0930><U+093E><U+091C> <U+0914><U+0930> <U+092D><U+094D><U+0930><U+0937><U+094D><U+091F><U+093E><U+091A><U+093E><U+0930> <U+0938><U+0947> <U+0906><U+091C><U+093C><U+093E><U+0926><U+0940> <U+0915><U+093E> <U+092A><U+094D><U+0930><U+0923> <U+0932><U+0947> <U+091A><U+0941><U+0915><U+0940> <U+0939><U+0948>...<U+0906><U+091C> <U+0905><U+092E><U+0930><U+094B><U+0939><U+093E> <U+0915><U+0940> <U+0938><U+092D><U+093E> <U+0915><U+093E> <U+092F><U+0939> <U+091C><U+0928><U+0938><U+0948><U+0932><U+093E><U+092C> <U+0907><U+0938><U+0940> <U+0915><U+094B> <U+092A><U+094D><U+2026> https://t.co/GhODpFiloW",FALSE,2799,NA,2017-02-05 12:50:37,TRUE,NA,"828224309697077248",NA,"<a href=""http://twitter.com/download/android"" rel=""nofollow"">Twitter for Android</a>","AmitShah",809,FALSE,FALSE,NA,NA
"Addressed a huge gathering in a public meeting at Thana Bhawan (Shamli). https://t.co/wJCcDVQB3P",FALSE,1717,NA,2017-02-05 10:40:34,FALSE,NA,"828191580725112833",NA,"<a href=""http://twitter.com/download/android"" rel=""nofollow"">Twitter for Android</a>","AmitShah",484,FALSE,FALSE,NA,NA
"<U+0909><U+0924><U+094D><U+0924><U+0930><U+00A0><U+092A><U+094D><U+0930><U+0926><U+0947><U+0936><U+00A0><U+0915><U+0940><U+00A0><U+091C><U+0928><U+0924><U+093E><U+00A0><U+092C><U+0926><U+0939><U+093E><U+0932><U+00A0><U+0915><U+093C><U+093E><U+0928><U+0942><U+0928> <U+0935><U+094D><U+092F><U+0935><U+0938><U+094D><U+0925><U+093E> <U+0914><U+0930> <U+092C><U+0947><U+0930><U+094B><U+091C><U+0917><U+093E><U+0930><U+0940> <U+0915><U+093E><U+00A0><U+0939><U+093F><U+0938><U+093E><U+092C><U+00A0><U+092E><U+093E><U+0902><U+0917> <U+0930><U+0939><U+0940><U+00A0><U+0939><U+0948>,<U+092E><U+0939><U+093F><U+0932><U+093E><U+0913><U+0902> <U+0915><U+0940><U+00A0><U+0938><U+0941><U+0930><U+0915><U+094D><U+0937><U+093E><U+00A0><U+0914><U+0930><U+00A0><U+0915><U+093F><U+0938><U+093E><U+0928><U+094B><U+0902> <U+0915><U+0940><U+00A0><U+092C><U+0930><U+094D><U+092C><U+093E><U+2026> https://t.co/PE8wofye56",FALSE,1487,NA,2017-02-04 12:35:39,TRUE,NA,"827858154113351680",NA,"<a href=""http://twitter.com/download/android"" rel=""nofollow"">Twitter for Android</a>","AmitShah",449,FALSE,FALSE,NA,NA
"<U+0938><U+093F><U+0930><U+0938><U+093E><U+0917><U+0902><U+091C> <U+0915><U+0940> <U+091C><U+0928><U+0924><U+093E> <U+0915><U+0947> <U+0905><U+092A><U+093E><U+0930> <U+0938><U+094D><U+0928><U+0947><U+0939> <U+0915><U+093E> <U+0906><U+092D><U+093E><U+0930>,<U+092A><U+094D><U+0930><U+0926><U+0947><U+0936> <U+0915><U+0940> <U+091C><U+0928><U+0924><U+093E> <U+0915><U+0947> <U+0910><U+0938><U+0947> <U+0935><U+093F><U+0936><U+093E><U+0932> <U+0938><U+092E><U+0930><U+094D><U+0925><U+0928> <U+0938><U+0947> <U+092D><U+093E><U+091C><U+092A><U+093E> <U+092A><U+0939><U+0932><U+0947> 2<U+091A><U+0930><U+0923><U+094B><U+0902> <U+092E><U+0947><U+0902> <U+0939><U+0940> <U+092C><U+093E><U+0915><U+0940> <U+092A><U+093E><U+0930><U+094D><U+091F><U+0940><U+2026> https://t.co/pXupuaa1NX",FALSE,2305,NA,2017-02-04 11:03:15,TRUE,NA,"827834902762680320",NA,"<a href=""http://twitter.com/download/android"" rel=""nofollow"">Twitter for Android</a>","AmitShah",689,FALSE,FALSE,NA,NA
"<U+0905><U+0916><U+093F><U+0932><U+0947><U+0936> <U+092F><U+093E><U+0926><U+0935> <U+092A><U+0942><U+091B><U+0924><U+0947> <U+0939><U+0948><U+0902> <U+0915><U+093F> <U+0909><U+0924><U+094D><U+0924><U+0930> <U+092A><U+094D><U+0930><U+0926><U+0947><U+0936> <U+092E><U+0947><U+0902> <U+0905><U+091A><U+094D><U+091B><U+0947> <U+0926><U+093F><U+0928> <U+0915><U+092C> <U+0906><U+090F><U+0902><U+0917><U+0947>?... <U+092E><U+0948><U+0902> <U+092C><U+0924><U+093E><U+0924><U+093E> <U+0939><U+0942><U+0901> <U+0905><U+0916><U+093F><U+0932><U+0947><U+0936> <U+091C><U+0940>- <U+091C><U+092C> <U+0906><U+092A> <U+092A><U+094D><U+0930><U+0926><U+0947><U+0936> <U+0938><U+0947> <U+091C><U+093E><U+090F><U+0902><U+0917><U+0947> <U+0924><U+092D><U+0940> <U+0905><U+091A><U+094D><U+091B><U+0947> <U+0926><U+093F><U+0928> <U+0906><U+090F><U+0902><U+0917><U+0947><U+0964>",FALSE,3190,NA,2017-02-04 10:30:46,FALSE,NA,"827826727657287680",NA,"<a href=""http://twitter.com/download/android"" rel=""nofollow"">Twitter for Android</a>","AmitShah",1101,FALSE,FALSE,NA,NA
"<U+091C><U+094B> <U+0938><U+0930><U+0915><U+093E><U+0930> <U+0939><U+0924><U+094D><U+092F><U+093E> <U+0914><U+0930> <U+092C><U+0932><U+093E><U+0924><U+094D><U+0915><U+093E><U+0930> <U+0928><U+0939><U+0940><U+0902> <U+0930><U+094B><U+0915> <U+0938><U+0915><U+0924><U+0940>, <U+0909><U+0938><U+0915><U+094B> <U+0936><U+093E><U+0938><U+0928> <U+0915><U+0930><U+0928><U+0947> <U+0915><U+093E> <U+0905><U+0927><U+093F><U+0915><U+093E><U+0930> <U+0928><U+0939><U+0940><U+0902> <U+0939><U+0948>, <U+092F><U+0939> <U+091A><U+0941><U+0928><U+093E><U+0935> <U+092F><U+0942><U+092A><U+0940> <U+0915><U+093E> <U+092D><U+093E><U+0917><U+094D><U+092F> <U+092C><U+0926><U+0932><U+0928><U+0947> <U+0914><U+0930> <U+092A><U+0930><U+093F><U+0935><U+0930><U+094D><U+0924><U+0928> <U+0932><U+093E><U+0928><U+0947> <U+0915><U+093E> <U+091A><U+0941><U+0928><U+093E><U+0935> <U+0939><U+0948> <U+0964>",FALSE,718,"AmitShah",2017-02-04 10:30:02,FALSE,"827826438464221184","827826541904158720","1447949844","<a href=""http://twitter.com/download/android"" rel=""nofollow"">Twitter for Android</a>","AmitShah",316,FALSE,FALSE,NA,NA
"<U+092D><U+0917><U+0935><U+093E><U+0928> <U+0936><U+094D><U+0930><U+0940> <U+0915><U+0943><U+0937><U+094D><U+0923> <U+091C><U+0940> <U+091C><U+0928><U+094D><U+092E><U+092D><U+0942><U+092E><U+093F> <U+092E><U+0925><U+0941><U+0930><U+093E> <U+092E><U+0947><U+0902> <U+0938><U+092D><U+093E> <U+0915><U+094B> <U+0938><U+0902><U+092C><U+094B><U+0927><U+093F><U+0924> <U+0915><U+093F><U+092F><U+093E>, <U+092F><U+0942><U+092A><U+0940> <U+0915><U+094B> <U+0910><U+0938><U+0940> <U+0938><U+0930><U+0915><U+093E><U+0930> <U+091A><U+093E><U+0939><U+093F><U+090F> <U+091C><U+094B> <U+0935><U+093F><U+0915><U+093E><U+0938> <U+0915><U+0947> <U+0938><U+093E><U+0925> <U+0938><U+093E><U+0902><U+0938><U+094D><U+0915><U+0943><U+0924><U+093F><U+0915> <U+0935><U+093F><U+0930><U+093E><U+2026> https://t.co/2hEjhR6rSr",FALSE,1985,NA,2017-02-04 10:29:37,TRUE,NA,"827826438464221184",NA,"<a href=""http://twitter.com/download/android"" rel=""nofollow"">Twitter for Android</a>","AmitShah",578,FALSE,FALSE,NA,NA
"<U+092F><U+0942><U+092A><U+0940> <U+092E><U+0947><U+0902> <U+0926><U+094B> <U+0910><U+0938><U+0947> <U+0936><U+0939><U+091C><U+093E><U+0926><U+0947> <U+0907><U+0915><U+091F><U+094D><U+0920><U+093E> <U+0939><U+0941><U+090F> <U+0939><U+0948><U+0902> <U+091C><U+093F><U+0928><U+092E><U+0947><U+0902> <U+0938><U+0947> <U+090F><U+0915> <U+0928><U+0947> <U+0926><U+0947><U+0936> <U+0915><U+094B> <U+0932><U+0942><U+091F><U+093E> <U+0939><U+0948> <U+0914><U+0930> <U+0926><U+0942><U+0938><U+0930><U+0947> <U+0928><U+0947> <U+092A><U+094D><U+0930><U+0926><U+0947><U+0936> <U+0915><U+094B>,<U+0905><U+092C> <U+092F><U+0947> <U+0926><U+094B><U+0928><U+094B><U+0902> <U+092E><U+093F><U+0932><U+0915><U+0930> <U+0909>.<U+092A><U+094D><U+0930> <U+0915><U+094B> <U+0932><U+0942><U+091F><U+0928><U+0947> <U+0938><U+093E><U+0925> <U+092E><U+0947><U+0902> <U+0906><U+092F><U+0947> <U+0939><U+0948><U+0902><U+0964>",FALSE,939,"AmitShah",2017-02-03 15:18:47,FALSE,"827536532240220162","827536821311651840","1447949844","<a href=""http://twitter.com/download/android"" rel=""nofollow"">Twitter for Android</a>","AmitShah",382,FALSE,FALSE,NA,NA
"2014 <U+0932><U+094B><U+0915><U+0938><U+092D><U+093E> <U+091A><U+0941><U+0928><U+093E><U+0935> <U+092E><U+0947><U+0902> <U+0909>.<U+092A><U+094D><U+0930> <U+0915><U+0940> <U+091C><U+0928><U+0924><U+093E> <U+0928><U+0947> <U+0915><U+0947><U+0902><U+0926><U+094D><U+0930> <U+0915><U+0947> <U+091C><U+093F><U+0938> <U+092D><U+094D><U+0930><U+0937><U+094D><U+091F><U+093E><U+091A><U+093E><U+0930> <U+0914><U+0930> <U+092A><U+094D><U+0930><U+0926><U+0947><U+0936> <U+0915><U+0947> <U+0917><U+0941><U+0902><U+0921><U+093E><U+0930><U+093E><U+091C> <U+0915><U+094B> <U+0928><U+0915><U+093E><U+0930><U+093E> <U+0925><U+093E> <U+0906><U+091C> <U+0935><U+0939> <U+0926><U+094B><U+0928><U+094B><U+0902> <U+0939><U+093E><U+0925> <U+092E><U+093F><U+0932><U+0915><U+0930> <U+091C><U+0928><U+0924><U+093E> <U+0915><U+0947> <U+0938><U+093E><U+092E><U+0928><U+0947> <U+0939><U+0948><U+0902>|",FALSE,1717,NA,2017-02-03 15:17:38,FALSE,NA,"827536532240220162",NA,"<a href=""http://twitter.com/download/android"" rel=""nofollow"">Twitter for Android</a>","AmitShah",519,FALSE,FALSE,NA,NA
"<U+092F><U+0942><U+092A><U+0940> <U+0915><U+0940> <U+091C><U+0928><U+0924><U+093E> <U+092C><U+0926><U+0939><U+093E><U+0932> <U+0915><U+093E><U+0928><U+0942><U+0928> <U+0935><U+094D><U+092F><U+0935><U+0938><U+094D><U+0925><U+093E> <U+0914><U+0930> <U+0936><U+093E><U+0938><U+0928> <U+0926><U+094D><U+0935><U+093E><U+0930><U+093E> <U+092A><U+094B><U+0937><U+093F><U+0924> <U+0917><U+0941><U+0902><U+0921><U+093E><U+0930><U+093E><U+091C> <U+0938><U+0947> <U+0907><U+0938> <U+0915><U+0926><U+0930> <U+0906><U+0915><U+094D><U+0930><U+094B><U+0936><U+093F><U+0924> <U+0939><U+0948> <U+0915><U+093F> <U+0909><U+0938><U+0928><U+0947> <U+092D><U+093E><U+091C><U+092A><U+093E> <U+0938><U+0930><U+0915><U+093E><U+0930> <U+0932><U+093E><U+0928><U+0947> <U+0915><U+093E> <U+092A><U+0942><U+0930><U+094D><U+0923><U+0924><U+0903> <U+092E><U+0928> <U+092C><U+0928><U+093E> <U+0932><U+093F><U+092F><U+093E> <U+0939><U+0948>|",FALSE,623,"AmitShah",2017-02-03 15:10:50,FALSE,"827534353085431808","827534820410540032","1447949844","<a href=""http://twitter.com/download/android"" rel=""nofollow"">Twitter for Android</a>","AmitShah",290,FALSE,FALSE,NA,NA
"<U+0916><U+0941><U+0930><U+094D><U+091C><U+093E> <U+092E><U+0947><U+0902> <U+0906><U+092F><U+094B><U+091C><U+093F><U+0924> <U+090F><U+0915> <U+091C><U+0928><U+0938><U+092D><U+093E> <U+0915><U+094B> <U+0938><U+0902><U+092C><U+094B><U+0927><U+093F><U+0924> <U+0915><U+093F><U+092F><U+093E>, <U+092D><U+093E><U+091C><U+092A><U+093E> <U+0915><U+0940> <U+091A><U+0941><U+0928><U+093E><U+0935><U+0940> <U+0938><U+092D><U+093E><U+0913><U+0902> <U+092E><U+0947><U+0902> <U+0906> <U+0930><U+0939><U+093E> <U+091C><U+0928><U+0938><U+0948><U+0932><U+093E><U+092C> <U+0909><U+0924><U+094D><U+0924><U+0930> <U+092A><U+094D><U+0930><U+0926><U+0947><U+0936> <U+092E><U+0947><U+0902> <U+0906><U+0928><U+0947> <U+0935><U+093E><U+0932><U+0947> <U+092A><U+0930><U+093F><U+0935><U+2026> https://t.co/oqqC9PPxce",FALSE,2064,NA,2017-02-03 15:08:59,TRUE,NA,"827534353085431808",NA,"<a href=""http://twitter.com/download/android"" rel=""nofollow"">Twitter for Android</a>","AmitShah",556,FALSE,FALSE,NA,NA
"<U+092A><U+0942><U+0930><U+0947> <U+0909><U+0924><U+094D><U+0924><U+0930> <U+092A><U+094D><U+0930><U+0926><U+0947><U+0936> <U+092E><U+0947><U+0902> <U+092D><U+093E><U+0930><U+0924><U+0940><U+092F> <U+091C><U+0928><U+0924><U+093E> <U+092A><U+093E><U+0930><U+094D><U+091F><U+0940> <U+0915><U+0940> <U+091C><U+094B> <U+0938><U+0941><U+0928><U+093E><U+092E><U+0940> <U+0932><U+0939><U+0930> <U+0939><U+0948> <U+0909><U+0938><U+0915><U+0947> <U+0906><U+0917><U+0947> <U+0915><U+094B><U+0908> <U+0930><U+093E><U+091C><U+0928><U+0940><U+0924><U+093F><U+0915> <U+092A><U+093E><U+0930><U+094D><U+091F><U+0940> <U+0922><U+0942><U+0902><U+0922><U+0928><U+0947> <U+0938><U+0947> <U+092D><U+0940> <U+0928><U+0939><U+0940><U+0902> <U+092E><U+093F><U+0932> <U+0930><U+0939><U+0940><U+2026> https://t.co/0wmsvqbGBi",FALSE,2480,NA,2017-02-03 11:39:43,TRUE,NA,"827481688951382016",NA,"<a href=""http://twitter.com/download/android"" rel=""nofollow"">Twitter for Android</a>","AmitShah",792,FALSE,FALSE,NA,NA
"<U+0927><U+094C><U+0932><U+093E><U+0928><U+093E> <U+0935><U+093F><U+0927><U+093E><U+0928><U+0938><U+092D><U+093E> <U+092E><U+0947><U+0902> <U+0906><U+092F><U+094B><U+091C><U+093F><U+0924> <U+091C><U+0928><U+0938><U+092D><U+093E> <U+092E><U+0947><U+0902> <U+092D><U+093E><U+0930><U+0940> <U+0938><U+0902><U+0916><U+094D><U+092F><U+093E> <U+092E><U+0947><U+0902> <U+0906><U+090F> <U+0938><U+092D><U+0940> <U+0927><U+094C><U+0932><U+093E><U+0928><U+093E>-<U+0935><U+093E><U+0938><U+093F><U+092F><U+094B><U+0902> <U+0915><U+093E> <U+092E><U+0948><U+0902> <U+0939><U+0943><U+0926><U+092F> <U+0938><U+0947> <U+0906><U+092D><U+093E><U+0930> <U+0935><U+094D><U+092F><U+0915><U+094D><U+0924> <U+0915><U+0930><U+0924><U+093E> <U+0939><U+0942><U+0901> | https://t.co/7CUupKt5jZ",FALSE,1519,NA,2017-02-03 11:17:23,FALSE,NA,"827476071050248192",NA,"<a href=""http://twitter.com/download/android"" rel=""nofollow"">Twitter for Android</a>","AmitShah",459,FALSE,FALSE,NA,NA
"<U+0909><U+0924><U+094D><U+0924><U+0930> <U+092A><U+094D><U+0930><U+0926><U+0947><U+0936> <U+092E><U+0947><U+0902> <U+092D><U+093E><U+091C><U+092A><U+093E> <U+0915><U+0940> <U+0938><U+0930><U+0915><U+093E><U+0930> <U+092C><U+0928><U+0928><U+0947> <U+0915><U+0947> <U+092C><U+093E><U+0926> <U+092A><U+094D><U+0930><U+0926><U+0947><U+0936> <U+0915><U+0940> <U+0915><U+093E><U+0928><U+0942><U+0928> <U+0935><U+094D><U+092F><U+0935><U+0938><U+094D><U+0925><U+093E> <U+0915><U+094B> <U+0935><U+093E><U+092A><U+0938> <U+092A><U+091F><U+0930><U+0940> <U+092A><U+0930> <U+0932><U+093E><U+0928><U+093E> <U+0914><U+0930> <U+0905><U+092A><U+0930><U+093E><U+0927><U+093F><U+092F><U+094B><U+0902> <U+0915><U+094B> <U+091C><U+0947><U+0932> <U+092D><U+0947><U+091C><U+0928><U+093E> <U+0939><U+092E><U+093E><U+0930><U+0940> <U+092A><U+094D><U+0930><U+093E><U+0925><U+092E><U+093F><U+0915><U+0924><U+093E> <U+0939><U+094B><U+0917><U+0940><U+0964>",FALSE,1012,"AmitShah",2017-02-03 09:22:54,FALSE,"827447209780191236","827447258820050945","1447949844","<a href=""http://twitter.com"" rel=""nofollow"">Twitter Web Client</a>","AmitShah",405,FALSE,FALSE,NA,NA
"<U+092D><U+093E><U+091C><U+092A><U+093E> <U+0909><U+0924><U+094D><U+0924><U+0930> <U+092A><U+094D><U+0930><U+0926><U+0947><U+0936> <U+0915><U+0940> <U+092C><U+0926><U+0939><U+093E><U+0932> <U+0915><U+093E><U+0928><U+0942><U+0928> <U+0935><U+094D><U+092F><U+0935><U+0938><U+094D><U+0925><U+093E> <U+0915><U+0940> <U+0932><U+0921><U+093C><U+093E><U+0908> <U+0909><U+0924><U+094D><U+0924><U+0930> <U+092A><U+094D><U+0930><U+0926><U+0947><U+0936> <U+0915><U+0947> <U+0917><U+093E><U+0901><U+0935> <U+0914><U+0930> <U+0917><U+0932><U+0940> <U+0938><U+0947> <U+0932><U+0947><U+0915><U+0930> <U+0926><U+093F><U+0932><U+094D><U+0932><U+0940> <U+092E><U+0947><U+0902> <U+0938><U+0902><U+0938><U+0926> <U+0924><U+0915> <U+0932><U+0921><U+0947><U+0917><U+0940> <U+0964>",FALSE,2321,NA,2017-02-03 09:22:42,FALSE,NA,"827447209780191236",NA,"<a href=""http://twitter.com"" rel=""nofollow"">Twitter Web Client</a>","AmitShah",573,FALSE,FALSE,NA,NA
"<U+092A><U+094D><U+0930><U+0926><U+0947><U+0936> <U+092E><U+0947><U+0902> <U+0905><U+092A><U+0930><U+093E><U+0927><U+093F><U+092F><U+094B><U+0902> <U+0915><U+093E> <U+092E><U+0928><U+094B><U+092C><U+0932> <U+0907><U+0924><U+0928><U+093E> <U+092C><U+0922><U+093C> <U+0917><U+092F><U+093E> <U+0939><U+0948> <U+0915><U+093F> <U+091C><U+0928>-<U+091C><U+0928> <U+0915><U+094D><U+092F><U+093E> <U+092A><U+0941><U+0932><U+093F><U+0938> <U+092D><U+0940> <U+0938><U+0941><U+0930><U+0915><U+094D><U+0937><U+093F><U+0924> <U+0928><U+0939><U+0940><U+0902> <U+0939><U+0948> <U+0964>",FALSE,854,"AmitShah",2017-02-03 09:22:26,FALSE,"827447065252749312","827447141845045248","1447949844","<a href=""http://twitter.com"" rel=""nofollow"">Twitter Web Client</a>","AmitShah",322,FALSE,FALSE,NA,NA
"<U+0906><U+092E> <U+0906><U+0926><U+092E><U+0940> <U+092A><U+0930> <U+0939><U+092E><U+0932><U+0947> <U+0914><U+0930> <U+0938><U+0902><U+0917><U+0920><U+093F><U+0924> <U+0905><U+092A><U+0930><U+093E><U+0927> <U+0915><U+0940> <U+0918><U+091F><U+0928><U+093E><U+090F><U+0902> <U+0905><U+0916><U+093F><U+0932><U+0947><U+0936> <U+0938><U+0930><U+0915><U+093E><U+0930> <U+0915><U+0947> <U+0915><U+093E><U+0930><U+094D><U+092F><U+0915><U+093E><U+0932> <U+092E><U+0947><U+0902> <U+091C><U+093F><U+0938> <U+0924><U+0930><U+0939> <U+0938><U+0947> <U+092C><U+0921><U+093C><U+0940> <U+0939><U+0948> <U+0909><U+0938><U+0938><U+0947> <U+092A><U+0942><U+0930><U+0947> <U+092A><U+094D><U+0930><U+0926><U+0947><U+0936> <U+092E><U+0947><U+0902> <U+092D><U+092F> <U+0914><U+0930> <U+0906><U+0924><U+0902><U+0915> <U+0915><U+093E> <U+092E><U+093E><U+0939><U+094C><U+0932> <U+0939><U+0948> <U+0964>",FALSE,1540,NA,2017-02-03 09:22:08,FALSE,NA,"827447065252749312",NA,"<a href=""http://twitter.com"" rel=""nofollow"">Twitter Web Client</a>","AmitShah",469,FALSE,FALSE,NA,NA
"<U+092F><U+0942><U+092A><U+0940> <U+092E><U+0947><U+0902> <U+092A><U+094D><U+0930><U+0924><U+093F><U+0926><U+093F><U+0928> 24 <U+0930><U+0947><U+092A>,13 <U+092E><U+0930><U+094D><U+0921><U+0930>,33 <U+0905><U+092A><U+0939><U+0930><U+0923>,19 <U+0926><U+0902><U+0917><U+0947> <U+0914><U+0930> 136 <U+091A><U+094B><U+0930><U+093F><U+092F><U+093E><U+0902> <U+0914><U+0930> <U+0915><U+0941><U+0932> 7650<U+0905><U+092A><U+0930><U+093E><U+0927> <U+0915><U+0940> <U+0918><U+091F><U+0928><U+093E><U+090F><U+0902> <U+0939><U+094B><U+0924><U+0940> <U+0939><U+0948>,<U+0906><U+091C> <U+0909>.<U+092A><U+094D><U+0930> <U+0926><U+0947><U+0936> <U+0915><U+093E> <U+0915><U+094D><U+0930><U+093E><U+0907><U+092E> <U+0915><U+0948><U+092A><U+093F><U+091F><U+0932> <U+092C><U+0928> <U+0917><U+092F><U+093E> <U+0939><U+0948>",FALSE,773,"AmitShah",2017-02-03 09:21:46,FALSE,"827446902442582016","827446974010028034","1447949844","<a href=""http://twitter.com"" rel=""nofollow"">Twitter Web Client</a>","AmitShah",403,FALSE,FALSE,NA,NA
